Fuel Type Code,Station Name,Street Address,Intersection Directions,City,State,ZIP,Plus4,Station Phone,Status Code,Expected Date,Groups With Access Code,Access Days Time,EV Level1 EVSE Num,EV Level2 EVSE Num,EV DC Fast Count,EV Other Info,EV Network,EV Network Web,Geocode Status,Latitude,Longitude,Date Last Confirmed,ID,Updated At,Owner Type Code,Open Date,EV Connector Types,Access Detail Code,Facility Type,EV Pricing,EV On-Site Renewable Source,Restricted Access
ELEC,Extra Space Storage,601 Cedar St,Cedar at Eastshore Highway (I-80),Berkeley,CA,94710,,510-525-9643,E,,Public,24 hours daily,,1,,,Non-Networked,,200-9,37.873525,-122.304802,8/10/2022,62833,2023-02-14 15:54:11 UTC,P,10/15/2017,J1772,,STORAGE,Free,,FALSE
ELEC,Graduate Berkeley - Tesla Destination,2600 Durant Ave,,Berkeley,CA,94704,,510-845-8981  877-798-3752,E,,Public,,,3,,,Tesla Destination,https://www.tesla.com/destination-charging,200-9,37.867942,-122.256305,10/6/2022,112859,2023-01-18 15:15:20 UTC,P,6/13/2018,J1772 TESLA,,HOTEL,Free,,
ELEC,"Claremont Club & Spa, A Fairmont Hotel - Tesla Destination",41 Tunnel Rd,,Berkeley,CA,94705,,510-843-3000  877-798-3752,E,,Public,,,1,,,Tesla Destination,https://www.tesla.com/destination-charging,200-9,37.857507,-122.24184,10/6/2022,112860,2023-01-18 15:15:20 UTC,P,6/9/2016,TESLA,,HOTEL,Free,,
ELEC,CITYOFBERKELEY CENT 3 RED 18,2025 Center St,,Berkeley,CA,94704,,888-758-4389,E,,Public,Mon 9:00pm - 12:00am; Tue 9:00pm - 12:00am; Wed 9:00pm - 12:00am; Thu 9:00pm - 12:00am; Fri 9:00pm - 12:00am; Sat 9:00pm - 12:00am; Sun 9:00pm - 12:00am,,2,,,ChargePoint Network,http://www.chargepoint.com/,GPS,37.87059,-122.269893,2/25/2023,158708,2023-02-25 23:20:43 UTC,,6/12/2020,J1772,,,,,
ELEC,CITYOFBERKELEY CENT 1 RED 1,2023 Center St,,Berkeley,CA,94704,,888-758-4389,E,,Public,24 hours daily,,2,,,ChargePoint Network,http://www.chargepoint.com/,GPS,37.87037,-122.269844,2/25/2023,158710,2023-02-25 23:20:42 UTC,,6/12/2020,J1772,,,,,
ELEC,CITYOFBERKELEY CENT 2 RED 15,2010 Addison St,,Berkeley,CA,94704,,888-758-4389,E,,Public,Mon 9:00pm - 12:00am; Tue 9:00pm - 12:00am; Wed 9:00pm - 12:00am; Thu 9:00pm - 12:00am; Fri 9:00pm - 12:00am; Sat 9:00pm - 12:00am; Sun 9:00pm - 12:00am,,2,,,ChargePoint Network,http://www.chargepoint.com/,GPS,37.870823,-122.26991,2/25/2023,158711,2023-02-25 23:20:42 UTC,,6/12/2020,J1772,,,,,
ELEC,CITYOFBERKELEY OXFORD GARAGE 2,2165 Kittredge St,,Berkeley,CA,94704,,888-758-4389,E,,Public,24 hours daily,,2,,,ChargePoint Network,http://www.chargepoint.com/,GPS,37.868772,-122.266758,2/25/2023,158959,2023-02-25 23:18:15 UTC,,6/12/2020,J1772,,,,,
ELEC,CITYOFBERKELEY T-C GARAGE #3,2450 Durant Ave,,Berkeley,CA,94704,,888-758-4389,E,,Public,24 hours daily,,2,,,ChargePoint Network,http://www.chargepoint.com/,GPS,37.867365,-122.259492,2/25/2023,158961,2023-02-25 23:18:15 UTC,,6/12/2020,J1772,,,,,
ELEC,CITYOFBERKELEY CENT 2 RED 13,2015 Center St,,Berkeley,CA,94704,,888-758-4389,E,,Public,Mon 9:00pm - 12:00am; Tue 9:00pm - 12:00am; Wed 9:00pm - 12:00am; Thu 9:00pm - 12:00am; Fri 9:00pm - 12:00am; Sat 9:00pm - 12:00am; Sun 9:00pm - 12:00am,,2,,,ChargePoint Network,http://www.chargepoint.com/,GPS,37.870544,-122.27004,2/25/2023,159848,2023-02-25 23:10:50 UTC,,6/12/2020,J1772,,,,,
ELEC,FOURTH STREET STATION 2,1911 4th street,,Berkeley,CA,94710,,888-758-4389,E,,Public,24 hours daily,,1,,,ChargePoint Network,http://www.chargepoint.com/,GPS,37.868212,-122.299413,2/25/2023,159965,2023-02-25 23:09:45 UTC,,6/12/2020,J1772,,,,,
ELEC,G1A P1B,2600 Shattuck Ave,,Berkeley,CA,94704,,888-758-4389,E,,Public,24 hours daily,,1,,,ChargePoint Network,http://www.chargepoint.com/,GPS,37.86158,-122.267518,2/25/2023,160147,2023-02-25 23:08:55 UTC,,6/12/2020,J1772,,,,,
ELEC,CITYOFBERKELEY CENT 2 GREEN 7,2033 Center St,,Berkeley,CA,94704,,888-758-4389,E,,Public,24 hours daily,,1,,,ChargePoint Network,http://www.chargepoint.com/,GPS,37.870543,-122.26985,2/25/2023,160791,2023-02-25 23:04:49 UTC,,6/12/2020,J1772,,,,,
ELEC,CITYOFBERKELEY WEST LIBRARY,1125 University Ave,,Berkeley,CA,94702,,888-758-4389,E,,Public,24 hours daily,,2,,,ChargePoint Network,http://www.chargepoint.com/,GPS,37.869385,-122.290889,2/25/2023,160976,2023-02-25 23:03:06 UTC,,6/12/2020,J1772,,,,,
ELEC,CITYOFBERKELEY MARINA DOCK J-K,235 University Ave,,Berkeley,CA,94710,,888-758-4389,E,,Public,24 hours daily,,2,,,ChargePoint Network,http://www.chargepoint.com/,GPS,37.86457,-122.312865,2/25/2023,161015,2023-02-25 23:02:56 UTC,,6/12/2020,J1772,,,,,
ELEC,CITYOFBERKELEY CENT 2 RED 14,2025 Center St,,Berkeley,CA,94704,,888-758-4389,E,,Public,Mon 9:00pm - 12:00am; Tue 9:00pm - 12:00am; Wed 9:00pm - 12:00am; Thu 9:00pm - 12:00am; Fri 9:00pm - 12:00am; Sat 9:00pm - 12:00am; Sun 9:00pm - 12:00am,,2,,,ChargePoint Network,http://www.chargepoint.com/,GPS,37.870686,-122.27006,2/25/2023,175949,2023-02-25 23:20:42 UTC,,1/27/2021,J1772,,,,,
ELEC,CITYOFBERKELEY CENT 3 RED 19,2025 Center St,,Berkeley,CA,94704,,888-758-4389,E,,Public,Mon 9:00pm - 12:00am; Tue 9:00pm - 12:00am; Wed 9:00pm - 12:00am; Thu 9:00pm - 12:00am; Fri 9:00pm - 12:00am; Sat 9:00pm - 12:00am; Sun 9:00pm - 12:00am,,2,,,ChargePoint Network,http://www.chargepoint.com/,GPS,37.870647,-122.26995,2/25/2023,175950,2023-02-25 23:20:42 UTC,,1/27/2021,J1772,,,,,
ELEC,CITYOFBERKELEY CENT 2 GREEN 4,2025 Center St,,Berkeley,CA,94704,,888-758-4389,E,,Public,24 hours daily,,2,,,ChargePoint Network,http://www.chargepoint.com/,GPS,37.8704,-122.26991,2/25/2023,175951,2023-02-25 23:20:42 UTC,,1/27/2021,J1772,,,,,
ELEC,CITYOFBERKELEY CENT 2 RED 11,2025 Center St,,Berkeley,CA,94704,,888-758-4389,E,,Public,Mon 9:00pm - 12:00am; Tue 9:00pm - 12:00am; Wed 9:00pm - 12:00am; Thu 9:00pm - 12:00am; Fri 9:00pm - 12:00am; Sat 9:00pm - 12:00am; Sun 9:00pm - 12:00am,,2,,,ChargePoint Network,http://www.chargepoint.com/,GPS,37.87035,-122.26974,2/25/2023,175952,2023-02-25 23:11:57 UTC,,1/27/2021,J1772,,,,,
ELEC,CITYOFBERKELEY CENT 1 GREEN 9,2025 Center St,,Berkeley,CA,94704,,888-758-4389,E,,Public,24 hours daily,,2,,,ChargePoint Network,http://www.chargepoint.com/,GPS,37.870335,-122.26986,2/25/2023,175953,2023-02-25 23:11:57 UTC,,1/27/2021,J1772,,,,,
ELEC,CITYOFBERKELEY CENT 3 RED 17,2025 Center St,,Berkeley,CA,94704,,888-758-4389,E,,Public,Mon 9:00pm - 12:00am; Tue 9:00pm - 12:00am; Wed 9:00pm - 12:00am; Thu 9:00pm - 12:00am; Fri 9:00pm - 12:00am; Sat 9:00pm - 12:00am; Sun 9:00pm - 12:00am,,2,,,ChargePoint Network,http://www.chargepoint.com/,GPS,37.870705,-122.26995,2/25/2023,175954,2023-02-25 23:11:57 UTC,,1/27/2021,J1772,,,,,
ELEC,CITYOFBERKELEY CENTERGARAGE 2E,2025 Center St,,Berkeley,CA,94704,,888-758-4389,E,,Public,24 hours daily,,2,,,ChargePoint Network,http://www.chargepoint.com/,GPS,37.870549,-122.269763,2/25/2023,175955,2023-02-25 23:09:49 UTC,,1/27/2021,J1772,,,,,
ELEC,CITYOFBERKELEY CENTERGARAGE 1B,2025 Center St,,Berkeley,CA,94704,,888-758-4389,E,,Public,24 hours daily,,2,,,ChargePoint Network,http://www.chargepoint.com/,GPS,37.870528,-122.269881,2/25/2023,175956,2023-02-25 23:09:48 UTC,,1/27/2021,J1772,,,,,
ELEC,CITYOFBERKELEY CENTERGARAGE 1A,2025 Center St,,Berkeley,CA,94704,,888-758-4389,E,,Public,24 hours daily,,2,,,ChargePoint Network,http://www.chargepoint.com/,GPS,37.870517,-122.26982,2/25/2023,175957,2023-02-25 23:09:48 UTC,,1/27/2021,J1772,,,,,
ELEC,CITYOFBERKELEY CENTERGARAGE 2A,2025 Center St,,Berkeley,CA,94704,,888-758-4389,E,,Public,24 hours daily,,2,,,ChargePoint Network,http://www.chargepoint.com/,GPS,37.870494,-122.269852,2/25/2023,175958,2023-02-25 23:09:48 UTC,,1/27/2021,J1772,,,,,
ELEC,CITYOFBERKELEY CENTERGARAGE 1D,2025 Center St,,Berkeley,CA,94704,,888-758-4389,E,,Public,24 hours daily,,2,,,ChargePoint Network,http://www.chargepoint.com/,GPS,37.870538,-122.269737,2/25/2023,175959,2023-02-25 23:09:48 UTC,,1/27/2021,J1772,,,,,
ELEC,CITYOFBERKELEY CENTERGARAGE 2C,2025 Center St,,Berkeley,CA,94704,,888-758-4389,E,,Public,24 hours daily,,1,,,ChargePoint Network,http://www.chargepoint.com/,GPS,37.870562,-122.269785,2/25/2023,175960,2023-02-25 23:09:36 UTC,,1/27/2021,J1772,,,,,
ELEC,CITYOFBERKELEY CENTERGARAGE 1C,2025 Center St,,Berkeley,CA,94704,,888-758-4389,E,,Public,24 hours daily,,2,,,ChargePoint Network,http://www.chargepoint.com/,GPS,37.870591,-122.269908,2/25/2023,175961,2023-02-25 23:09:35 UTC,,1/27/2021,J1772,,,,,
ELEC,CITYOFBERKELEY CENTERGARAGE 2D,2025 Center St,,Berkeley,CA,94704,,888-758-4389,E,,Public,24 hours daily,,2,,,ChargePoint Network,http://www.chargepoint.com/,GPS,37.870532,-122.269908,2/25/2023,175962,2023-02-25 23:09:34 UTC,,1/27/2021,J1772,,,,,
ELEC,CITYOFBERKELEY CENTERGARAGE 1F,2025 Center St,,Berkeley,CA,94704,,888-758-4389,E,,Public,24 hours daily,,2,,,ChargePoint Network,http://www.chargepoint.com/,GPS,37.870583,-122.269876,2/25/2023,175963,2023-02-25 23:09:32 UTC,,1/27/2021,J1772,,,,,
ELEC,CITYOFBERKELEY CENT 2 RED 16,2025 Center St,,Berkeley,CA,94704,,888-758-4389,E,,Public,Mon 9:00pm - 12:00am; Tue 9:00pm - 12:00am; Wed 9:00pm - 12:00am; Thu 9:00pm - 12:00am; Fri 9:00pm - 12:00am; Sat 9:00pm - 12:00am; Sun 9:00pm - 12:00am,,2,,,ChargePoint Network,http://www.chargepoint.com/,GPS,37.870563,-122.269888,2/25/2023,175964,2023-02-25 23:03:00 UTC,,1/27/2021,J1772,,,,,
ELEC,CITYOFBERKELEY CENT 2 RED 12,2025 Center St,,Berkeley,CA,94704,,888-758-4389,E,,Public,Mon 9:00pm - 12:00am; Tue 9:00pm - 12:00am; Wed 9:00pm - 12:00am; Thu 9:00pm - 12:00am; Fri 9:00pm - 12:00am; Sat 9:00pm - 12:00am; Sun 9:00pm - 12:00am,,2,,,ChargePoint Network,http://www.chargepoint.com/,GPS,37.870578,-122.269848,2/25/2023,175965,2023-02-25 23:02:54 UTC,,1/27/2021,J1772,,,,,
ELEC,CITYOFBERKELEY CENT 2 GREEN 6,2025 Center St,,Berkeley,CA,94704,,888-758-4389,E,,Public,Mon 9:00pm - 12:00am; Tue 9:00pm - 12:00am; Wed 9:00pm - 12:00am; Thu 9:00pm - 12:00am; Fri 9:00pm - 12:00am; Sat 9:00pm - 12:00am; Sun 9:00pm - 12:00am,,2,,,ChargePoint Network,http://www.chargepoint.com/,GPS,37.870316,-122.26988,2/25/2023,175966,2023-02-25 23:20:44 UTC,,1/27/2021,J1772,,,,,
ELEC,CITYOFBERKELEY CENT 1 GREEN 10,2025 Center St,,Berkeley,CA,94704,,888-758-4389,E,,Public,24 hours daily,,2,,,ChargePoint Network,http://www.chargepoint.com/,GPS,37.870316,-122.26985,2/25/2023,175967,2023-02-25 23:20:43 UTC,,1/27/2021,J1772,,,,,
ELEC,CITYOFBERKELEY CENTERGARAGE 2B,2025 Center St,,Berkeley,CA,94704,,888-758-4389,E,,Public,24 hours daily,,1,,,ChargePoint Network,http://www.chargepoint.com/,GPS,37.870559,-122.269761,2/25/2023,175969,2023-02-25 23:09:36 UTC,,1/27/2021,J1772,,,,,
ELEC,CITYOFBERKELEY CENT 1 GREEN 8,2025 Center St,,Berkeley,CA,94704,,888-758-4389,E,,Public,24 hours daily,,2,,,ChargePoint Network,http://www.chargepoint.com/,GPS,37.870346,-122.269875,2/25/2023,175970,2023-02-25 23:11:58 UTC,,1/27/2021,J1772,,,,,
ELEC,CITYOFBERKELEY CENT 2 GREEN 3,2025 Center St,,Berkeley,CA,94704,,888-758-4389,E,,Public,24 hours daily,,2,,,ChargePoint Network,http://www.chargepoint.com/,GPS,37.870549,-122.269908,2/25/2023,175971,2023-02-25 23:10:50 UTC,,1/27/2021,J1772,,,,,
ELEC,CITYOFBERKELEY CENTERGARAGE 1E,2025 Center St,,Berkeley,CA,94704,,888-758-4389,E,,Public,24 hours daily,,2,,,ChargePoint Network,http://www.chargepoint.com/,GPS,37.870543,-122.269812,2/25/2023,175972,2023-02-25 23:09:48 UTC,,1/27/2021,J1772,,,,,
ELEC,CITYOFBERKELEY CENT 1 RED 2,2025 Center St,,Berkeley,CA,94704,,888-758-4389,E,,Public,24 hours daily,,2,,,ChargePoint Network,http://www.chargepoint.com/,GPS,37.871128,-122.27042,2/25/2023,175973,2023-02-25 23:08:44 UTC,,1/27/2021,J1772,,,,,
ELEC,CITYOFBERKELEY T-C GARAGE #2,2450 Durant Ave,,Berkeley,CA,94704,,888-758-4389,E,,Public,24 hours daily,,2,,,ChargePoint Network,http://www.chargepoint.com/,GPS,37.867361,-122.259509,2/25/2023,176369,2023-02-25 23:03:28 UTC,,1/27/2021,J1772,,,,,
ELEC,CITYOFBERKELEY T-C GARAGE #1,2450 Durant Ave,,Berkeley,CA,94704,,888-758-4389,E,,Public,24 hours daily,,2,,,ChargePoint Network,http://www.chargepoint.com/,GPS,37.867442,-122.259514,2/25/2023,176370,2023-02-25 23:03:27 UTC,,1/27/2021,J1772,,,,,
ELEC,CITYOFBERKELEY T-C GARAGE 4,2450 Durant Ave,,Berkeley,CA,94704,,888-758-4389,E,,Public,24 hours daily,,2,,,ChargePoint Network,http://www.chargepoint.com/,GPS,37.867363,-122.25951,2/25/2023,176371,2023-02-25 23:18:15 UTC,,1/27/2021,J1772,,,,,
ELEC,FOURTH STREET STATION 3,1911 4th Street,,Berkeley,CA,94710,,888-758-4389,E,,Public,24 hours daily,,1,,,ChargePoint Network,http://www.chargepoint.com/,GPS,37.868258,-122.299482,2/25/2023,178208,2023-02-25 23:09:45 UTC,,1/27/2021,J1772,,,,,
ELEC,FOURTH STREET STATION 1,1911 4th street,,Berkeley,CA,94710,,888-758-4389,E,,Public,24 hours daily,,1,,,ChargePoint Network,http://www.chargepoint.com/,GPS,37.868196,-122.29943,2/25/2023,178209,2023-02-25 23:09:55 UTC,,1/27/2021,J1772,,,,,
ELEC,G1A G1A,2600 Shattuck Ave,,Berkeley,CA,94704,,888-758-4389,E,,Public,24 hours daily,,1,,,ChargePoint Network,http://www.chargepoint.com/,GPS,37.861495,-122.267649,2/25/2023,178465,2023-02-25 23:08:55 UTC,,1/27/2021,J1772,,,,,
ELEC,G1A G1B,2600 Shattuck Ave,,Berkeley,CA,94704,,888-758-4389,E,,Public,24 hours daily,,1,,,ChargePoint Network,http://www.chargepoint.com/,GPS,37.861775,-122.267464,2/25/2023,178466,2023-02-25 23:08:55 UTC,,1/27/2021,J1772,,,,,
ELEC,G1A G1C,2600 Shattuck Ave,,Berkeley,CA,94704,,888-758-4389,E,,Public,24 hours daily,,1,,,ChargePoint Network,http://www.chargepoint.com/,GPS,37.861612,-122.267671,2/25/2023,178468,2023-02-25 23:08:31 UTC,,1/27/2021,J1772,,,,,
ELEC,BASEMENT JONES STATION 1,1080 Jones st,,Berkeley,CA,94710,,888-758-4389,E,,Public,24 hours daily,,2,,,ChargePoint Network,http://www.chargepoint.com/,GPS,37.87612,-122.29525,2/25/2023,183463,2023-02-25 23:27:27 UTC,,1/27/2021,J1772,,,,,
ELEC,Kaiser Pardee Parking Lot,1010 Carleton Street,,Berkeley,CA,94710,,800-663-5633,E,,Public,,,10,,,SemaCharge Network,https://semaconnect.com/,GPS,37.857419,-122.290265,12/21/2022,184161,2022-12-21 22:59:31 UTC,,12/31/2020,J1772,,,$0.28/kWh Energy Fee,,
ELEC,Berkeley Bowl - West,920 Heinz Avenue,,Berkeley,CA,94710,,888-264-2208,E,,Public,Mon 12:00am - 11:45pm; Tue 12:00am - 11:45pm; Wed 12:00am - 11:45pm; Thu 12:00am - 11:45pm; Fri 12:00am - 11:45pm; Sat 12:00am - 11:45pm; Sun 12:00am - 11:45pm,,4,,,Volta,https://voltacharging.com/,GPS,37.853235,-122.290192,2/26/2023,185100,2023-02-26 00:34:33 UTC,,2/8/2021,J1772,,,,,FALSE
ELEC,Kaiser - Medical Office Building (MOB) Berkeley,2621 Tenth Street,,Berkeley,CA,94710,,800-663-5633,E,,Public,,,8,,,SemaCharge Network,https://semaconnect.com/,GPS,37.858167,-122.289645,12/21/2022,186534,2022-12-21 22:59:29 UTC,,12/15/2020,J1772,,,$0.00-$1.35/Hr Variable Parking Fee,,
ELEC,EVCharge4U Main Office,1805 Martin Luther King Jr Way,,Berkeley,CA,94709,,,E,,Public,24 hours daily,,2,,,AMPUP,https://ampup.io/,200-8,37.874052,-122.27309,5/6/2021,189283,2022-02-10 19:42:29 UTC,P,4/6/2021,J1772,,OFFICE_BLDG,,NONE,FALSE
ELEC,VARSITYBERKELEY STATION 1,2024 Durant Ave,,Berkeley,CA,94704,,888-758-4389,E,,Public,24 hours daily,,2,,,ChargePoint Network,http://www.chargepoint.com/,GPS,37.866473,-122.268936,2/25/2023,196235,2023-02-25 23:32:09 UTC,,9/23/2021,J1772,,,,,
ELEC,ALTABATESSUMMIT ASHBY GRG EV7,2420 Ashby Ave ASHBY GARAGE,,Berkeley,CA,94705,,888-758-4389,E,,Public,24 hours daily,,1,,,ChargePoint Network,http://www.chargepoint.com/,GPS,37.856103,-122.258595,2/25/2023,197171,2023-02-25 23:20:27 UTC,,10/7/2021,J1772,,,,,
ELEC,ALTABATESSUMMIT ASHBY GRG EV6,2420 Ashby Ave ASHBY GARAGE,,Berkeley,CA,94705,,888-758-4389,E,,Public,24 hours daily,,2,,,ChargePoint Network,http://www.chargepoint.com/,GPS,37.855858,-122.258484,2/25/2023,197172,2023-02-25 23:20:28 UTC,,10/7/2021,J1772,,,,,
ELEC,ALTABATESSUMMIT ASHBY GRG EV3,2420 Ashby Ave ASHBY GARAGE,,Berkeley,CA,94705,,888-758-4389,E,,Public,24 hours daily,,2,,,ChargePoint Network,http://www.chargepoint.com/,GPS,37.855967,-122.258515,2/25/2023,197173,2023-02-25 23:20:28 UTC,,10/7/2021,J1772,,,,,
ELEC,ALTABATESSUMMIT ASHBY GRG EV5,2420 Ashby Ave ASHBY GARAGE,,Berkeley,CA,94705,,888-758-4389,E,,Public,24 hours daily,,2,,,ChargePoint Network,http://www.chargepoint.com/,GPS,37.855787,-122.25847,2/25/2023,197174,2023-02-25 23:20:28 UTC,,10/7/2021,J1772,,,,,
ELEC,ALTABATESSUMMIT ASHBY GRG EV2,2420 Ashby Ave ASHBY GARAGE,,Berkeley,CA,94705,,888-758-4389,E,,Public,24 hours daily,,1,,,ChargePoint Network,http://www.chargepoint.com/,GPS,37.856127,-122.258563,2/25/2023,197175,2023-02-25 23:20:28 UTC,,10/7/2021,J1772,,,,,
ELEC,ALTABATESSUMMIT SHATTUCK LOT 1,2100 Dwight Way,,Berkeley,CA,94704,,888-758-4389,E,,Public,24 hours daily,,1,,,ChargePoint Network,http://www.chargepoint.com/,GPS,37.863948,-122.266962,2/25/2023,197176,2023-02-25 23:20:29 UTC,,10/7/2021,J1772,,,,,
ELEC,ALTABATESSUMMIT SHATTUCK LOT 2,2100 Dwight Way,,Berkeley,CA,94704,,888-758-4389,E,,Public,24 hours daily,,1,,,ChargePoint Network,http://www.chargepoint.com/,GPS,37.863944,-122.266957,2/25/2023,197177,2023-02-25 23:20:29 UTC,,10/7/2021,J1772,,,,,
ELEC,ALTABATESSUMMIT SHATTUCK LT 8-9,2100 Dwight Way,,Berkeley,CA,94704,,888-758-4389,E,,Public,24 hours daily,,2,,,ChargePoint Network,http://www.chargepoint.com/,GPS,37.863934,-122.266728,2/25/2023,197178,2023-02-25 23:20:29 UTC,,10/7/2021,J1772,,,,,
ELEC,ALTABATESSUMMIT SHATTUCK LOT 10,2100 Dwight Way,,Berkeley,CA,94704,,888-758-4389,E,,Public,24 hours daily,,2,,,ChargePoint Network,http://www.chargepoint.com/,GPS,37.863858,-122.26671,2/25/2023,197179,2023-02-25 23:20:30 UTC,,10/7/2021,J1772,,,,,
ELEC,ALTABATESSUMMIT SHATTUCK LT 6-7,2100 Dwight Way,,Berkeley,CA,94704,,888-758-4389,E,,Public,24 hours daily,,2,,,ChargePoint Network,http://www.chargepoint.com/,GPS,37.863952,-122.266855,2/25/2023,197180,2023-02-25 23:20:30 UTC,,10/7/2021,J1772,,,,,
ELEC,ALTABATESSUMMIT SHATTUCK LT 4-5,2100 Dwight Way,,Berkeley,CA,94704,,888-758-4389,E,,Public,24 hours daily,,2,,,ChargePoint Network,http://www.chargepoint.com/,GPS,37.863956,-122.2669,2/25/2023,197181,2023-02-25 23:20:30 UTC,,10/7/2021,J1772,,,,,
ELEC,ALTABATESSUMMIT SHATTUCK LOT 3,2100 Dwight Way,,Berkeley,CA,94704,,888-758-4389,E,,Public,24 hours daily,,1,,,ChargePoint Network,http://www.chargepoint.com/,GPS,37.863951,-122.266929,2/25/2023,197182,2023-02-25 23:20:30 UTC,,10/7/2021,J1772,,,,,
ELEC,ALTABATESSUMMIT ASHBY GRG EV1,2420 Ashby Ave ASHBY GARAGE,,Berkeley,CA,94705,,888-758-4389,E,,Public,24 hours daily,,2,,,ChargePoint Network,http://www.chargepoint.com/,GPS,37.856045,-122.25856,2/25/2023,197183,2023-02-25 23:20:59 UTC,,10/7/2021,J1772,,,,,
ELEC,BASEMENT JONES STATION 2,1080 Jones St,,Berkeley,CA,94710,,888-758-4389,E,,Public,24 hours daily,,2,,,ChargePoint Network,http://www.chargepoint.com/,GPS,37.876105,-122.295227,2/25/2023,197835,2023-02-25 23:31:48 UTC,,10/16/2021,J1772,,,,,
ELEC,SHATTUCK GARAGE CHARGER 1,2628 Shattuck Ave,,Berkeley,CA,94704,,888-758-4389,E,,Public,24 hours daily,,2,,,ChargePoint Network,http://www.chargepoint.com/,GPS,37.860998,-122.267515,2/25/2023,200568,2023-02-25 23:31:46 UTC,,11/5/2021,J1772,,,,,
ELEC,SHATTUCK GARAGE CHARGER 2,2628 Shattuck Ave,,Berkeley,CA,94704,,888-758-4389,E,,Public,24 hours daily,,2,,,ChargePoint Network,http://www.chargepoint.com/,GPS,37.861065,-122.267517,2/25/2023,200569,2023-02-25 23:31:46 UTC,,11/5/2021,J1772,,,,,
ELEC,SF BAY TRAIL SF BAY TRAIL 1,San Francisco Bay TrailSan Francisco Bay Trai,,Berkeley,CA,94720,,888-758-4389,E,,Public,24 hours daily,,2,,,ChargePoint Network,http://www.chargepoint.com/,GPS,37.864414,-122.305478,2/25/2023,205385,2023-02-25 23:33:41 UTC,,1/27/2022,J1772,,,,,
ELEC,CITYOFBERKELEY CENT 2 GREEN 5,2025 Center St,,Berkeley,CA,94704,,888-758-4389,E,,Public,Mon 9:00pm - 12:00am; Tue 9:00pm - 12:00am; Wed 9:00pm - 12:00am; Thu 9:00pm - 12:00am; Fri 9:00pm - 12:00am; Sat 9:00pm - 12:00am; Sun 9:00pm - 12:00am,,2,,,ChargePoint Network,http://www.chargepoint.com/,GPS,37.870377,-122.2699,2/25/2023,214332,2023-02-25 23:20:42 UTC,,4/21/2022,J1772,,,,,
ELEC,CITYOFBERKELEY 203841030430,Martin Luther King Jr. Way at Derby St.,,Berkeley,CA,94703,,888-758-4389,E,,Public,Mon 9:00pm - 12:00am; Tue 9:00pm - 12:00am; Wed 9:00pm - 12:00am; Thu 9:00pm - 12:00am; Fri 9:00pm - 12:00am; Sat 9:00pm - 12:00am; Sun 9:00pm - 12:00am,,2,,,ChargePoint Network,http://www.chargepoint.com/,GPS,37.859806,-122.27198,2/25/2023,214333,2023-02-25 23:27:30 UTC,,4/21/2022,J1772,,,,,
ELEC,G1A P1C,2600 Shattuck Ave,,Berkeley,CA,94704,,888-758-4389,E,,Public,24 hours daily,,1,,,ChargePoint Network,http://www.chargepoint.com/,GPS,37.861517,-122.267566,2/25/2023,215012,2023-02-25 23:08:31 UTC,,4/27/2022,J1772,,,,,
ELEC,G1A P1A,2600 Shattuck Ave,,Berkeley,CA,94704,,888-758-4389,E,,Public,24 hours daily,,1,,,ChargePoint Network,http://www.chargepoint.com/,GPS,37.861532,-122.267613,2/25/2023,215013,2023-02-25 23:08:55 UTC,,4/27/2022,J1772,,,,,
ELEC,725 POTTER 725 #1,725 Potter St,,Berkeley,CA,94710,,888-758-4389,E,,Public,24 hours daily,,2,,,ChargePoint Network,http://www.chargepoint.com/,GPS,37.85118,-122.294971,2/25/2023,220218,2023-02-25 23:08:45 UTC,,5/27/2022,J1772,,,,,
ELEC,725 POTTER 725 #2,725 Potter St,,Berkeley,CA,94710,,888-758-4389,E,,Public,24 hours daily,,2,,,ChargePoint Network,http://www.chargepoint.com/,GPS,37.851112,-122.294926,2/25/2023,220219,2023-02-25 23:09:06 UTC,,5/27/2022,J1772,,,,,
ELEC,725 POTTER 725 #3,725 Potter St,,Berkeley,CA,94710,,888-758-4389,E,,Public,24 hours daily,,2,,,ChargePoint Network,http://www.chargepoint.com/,GPS,37.851243,-122.294985,2/25/2023,220220,2023-02-25 23:09:06 UTC,,5/27/2022,J1772,,,,,
ELEC,Whole Foods Berkeley - Telegraph,3000 Telegraph Ave,,Berkeley,CA,94705,,877-455-3833,E,,Public,24 hours daily,,,2,,eVgo Network,https://www.evgo.com/,GPS,37.8558,-122.26064,2/25/2023,228247,2023-02-25 22:56:03 UTC,,8/30/2017,CHADEMO J1772COMBO,,,,,
ELEC,Whole Foods Market,1025 Gilman St,,Berkeley,CA,94710,,877-455-3833,E,,Public,24 hours daily,,1,2,,eVgo Network,https://www.evgo.com/,GPS,37.880634,-122.297256,2/25/2023,228266,2023-02-25 22:56:05 UTC,,11/3/2014,CHADEMO J1772 J1772COMBO,,,,,
ELEC,Whole Foods Berkeley - Telegraph,3000 Telegraph Ave,,Berkeley,CA,94705,,877-455-3833,E,,Public,24 hours daily,,,4,,eVgo Network,https://www.evgo.com/,GPS,37.8558,-122.26064,2/25/2023,228805,2023-02-25 22:57:00 UTC,,8/30/2017,CHADEMO J1772COMBO,,,,,
ELEC,BAYER STATION LOT AA 11,7th St. at Grayson St,,Berkeley,CA,94710,,888-758-4389,E,,Public,24 hours daily,,1,,,ChargePoint Network,http://www.chargepoint.com/,GPS,37.855629,-122.293516,2/25/2023,253859,2023-02-25 23:40:56 UTC,,2/10/2023,J1772,,,,,
ELEC,Oakland International Airport - Daily Lot,1 Airport Dr,"Enter Daily Parking Lot.  Section L6, behind Parking Management Office.",Oakland,CA,94621,,510-563-3361,E,,Public,24 hours daily; pay lot,,2,,,Non-Networked,,GPS,37.7136,-122.2087,1/10/2023,33695,2023-02-14 15:54:11 UTC,LG,12/20/2012,J1772,,AIRPORT,Free,,FALSE
ELEC,Oakland International Airport - Economy Lot,1 Airport Dr,Enter Economy Parking Lot; turn to left.  Section M-1.  Stations located near corner of John Glenn and Alan Shepard,Oakland,CA,94621,,510-563-3361,E,,Public,24 hours daily; pay lot,,2,,1 SP Inductive,Non-Networked,,GPS,37.7153,-122.2145,1/10/2023,50736,2023-02-14 15:54:11 UTC,LG,12/20/2012,J1772,,AIRPORT,Free,,FALSE
ELEC,Lake Merritt Tower,155 Grand Ave,,Oakland,CA,94612,,,E,,Public,Restricted to garage hours; pay lot; see valet for access; Drivers must bring their own J1772 cordset for Level 1 charging,4,2,,,Non-Networked,,200-9,37.810716,-122.263905,1/10/2023,61854,2023-02-14 15:54:11 UTC,P,2/1/2011,J1772 NEMA515,,PAY_GARAGE,Free; parking fee,,TRUE
ELEC,Holiday Inn Express Hotel & Suites Oakland-Airport - Tesla Destination,66 Airport Access Rd,,Oakland,CA,94603,,510-569-4400  877-798-3752,E,,Public,,,3,,,Tesla Destination,https://www.tesla.com/destination-charging,200-8,37.725841,-122.198335,10/6/2022,113179,2023-01-18 15:15:20 UTC,P,8/15/2018,J1772 TESLA,,HOTEL,Free,,
ELEC,Signature Flight Support OAK - Oakland Int'l Airport - Tesla Destination,8433 Earhart Rd,,Oakland,CA,94621,,510-633-1266  877-798-3752,E,,Public,,,3,,,Tesla Destination,https://www.tesla.com/destination-charging,200-8,37.730079,-122.213042,10/6/2022,113180,2023-01-18 15:15:20 UTC,P,7/11/2018,J1772 TESLA,,AIRPORT,Free,,
ELEC,Kaiser Oakland 3510 Broadway,3510 Broadway,,Oakland,CA,94611,,800-663-5633,E,,Public,,,14,,,SemaCharge Network,https://semaconnect.com/,GPS,37.822694,-122.25962,12/21/2022,148542,2022-12-21 23:00:36 UTC,,3/17/2016,J1772,,,$1.35/Hr Parking Fee,,
ELEC,Oakland Arena & RingCentral Coliseum,7000 Coliseum Way,,Oakland,CA,94621,,888-264-2208,E,,Public,Mon 6:00am - 11:59pm; Tue 6:00am - 11:59pm; Wed 6:00am - 11:59pm; Thu 6:00am - 11:59pm; Fri 6:00am - 11:59pm; Sat 6:00am - 11:59pm; Sun 6:00am - 11:59pm,,2,,,Volta,https://voltacharging.com/,GPS,37.752065,-122.203197,2/26/2023,152863,2023-02-26 00:33:38 UTC,,1/20/2020,J1772,,,,,FALSE
ELEC,"Lucky 736 - Oakland, CA",247 East 18th Street,,Oakland,CA,94606,,833-632-2778,E,,Public,24 hours daily,,,3,,Electrify America,https://www.electrifyamerica.com/,GPS,37.79966,-122.25313,2/25/2023,154345,2023-02-25 23:46:36 UTC,,3/6/2020,CHADEMO J1772COMBO,,,,,
ELEC,Coliseum Center - Tesla Supercharger,640 Hegenberger Road,,Oakland,CA,94621,,877-798-3752,E,,Public,24 hours daily; for Tesla use only,,,16,,Tesla,https://www.tesla.com/supercharger,GPS,37.746162,-122.195179,10/3/2022,157976,2022-12-01 17:40:26 UTC,P,5/22/2020,TESLA,,SHOPPING_MALL,$0.28 per kWh; $0.26 per minute above 60 kW and $0.13 per minute at or below 60 kW,,
ELEC,OAKSP SPRINGHILL 1,201 Hegenberger Rd,,Oakland,CA,94621,,888-758-4389,E,,Public,24 hours daily,,1,,,ChargePoint Network,http://www.chargepoint.com/,GPS,37.732015,-122.200353,2/25/2023,158681,2023-02-25 23:21:03 UTC,,6/12/2020,J1772,,,,,
ELEC,OAKLAND H-D DCFAST HOG,151 Hegenberger Rd,,Oakland,CA,94621,,888-758-4389,E,,Public,Tue 10:00am - 6:00pm; Wed 10:00am - 6:00pm; Thu 10:00am - 6:00pm; Fri 10:00am - 6:00pm; Sat 9:30am - 5:00pm; Sun 11:00am - 5:00pm,,,1,,ChargePoint Network,http://www.chargepoint.com/,GPS,37.73081,-122.200066,2/25/2023,158963,2023-02-25 23:18:14 UTC,,6/12/2020,J1772COMBO,,,,,
ELEC,ALCO STATIONS ALCOBASE 4K2 01,165 13th St,,Oakland,CA,94612,,888-758-4389,E,,Public,24 hours daily,,2,,,ChargePoint Network,http://www.chargepoint.com/,GPS,37.800788,-122.265041,2/25/2023,159299,2023-02-25 23:14:59 UTC,,6/12/2020,J1772,,,,,
ELEC,CITY OF OAKLAND PAB OPD2,501 6th St,,Oakland,CA,94607,,888-758-4389,E,,Public,24 hours daily,,2,,,ChargePoint Network,http://www.chargepoint.com/,GPS,37.799328,-122.275863,2/25/2023,159378,2023-02-25 23:14:13 UTC,,6/12/2020,J1772,,,,,
ELEC,CITY OF OAKLAND HOWE ST,4000 Howe St,,Oakland,CA,94611,,888-758-4389,E,,Public,24 hours daily,,2,,,ChargePoint Network,http://www.chargepoint.com/,GPS,37.82606,-122.253697,2/25/2023,159479,2023-02-25 23:13:24 UTC,,6/12/2020,J1772,,,,,
ELEC,CITY OF OAKLAND DIMOND 1,3408 Dimond Ave,,Oakland,CA,94602,,888-758-4389,E,,Public,24 hours daily,,2,,,ChargePoint Network,http://www.chargepoint.com/,GPS,37.799695,-122.217392,2/25/2023,159484,2023-02-25 23:13:21 UTC,,6/12/2020,J1772,,,,,
ELEC,EVSP WALGREENS STORE 15330 GW,5833 Foothill Blvd,,Oakland,CA,94605,,888-758-4389,E,,Public,24 hours daily,,1,,,ChargePoint Network,http://www.chargepoint.com/,GPS,37.771447,-122.191379,2/25/2023,159513,2023-02-25 23:13:07 UTC,,6/12/2020,J1772,,,,,
ELEC,ALCO STATIONS 8TH FLOOR 4K 04,1220 Jackson St,,Oakland,CA,94612,,888-758-4389,E,,Public,24 hours daily,,1,,,ChargePoint Network,http://www.chargepoint.com/,GPS,37.800591,-122.265232,2/25/2023,159678,2023-02-25 23:12:14 UTC,,6/12/2020,J1772,,,,,
ELEC,ALAMEDA 7TH 4K 007,551-599 7th St,,Oakland,CA,94607,,888-758-4389,E,,Public,24 hours daily,,2,,,ChargePoint Network,http://www.chargepoint.com/,GPS,37.800256,-122.277883,2/25/2023,159731,2023-02-25 23:11:42 UTC,,6/12/2020,J1772,,,,,
ELEC,ALAMEDA 7TH 4K 003,585 7th St,,Oakland,CA,94607,,888-758-4389,E,,Public,24 hours daily,,2,,,ChargePoint Network,http://www.chargepoint.com/,GPS,37.800244,-122.277644,2/25/2023,159758,2023-02-25 23:11:26 UTC,,6/12/2020,J1772,,,,,
ELEC,HOMEWOOD SUITES DC FAST OAKLAND,1103 Embarcadero,,Oakland,CA,94606,,888-758-4389,E,,Public,24 hours daily,,,1,,ChargePoint Network,http://www.chargepoint.com/,GPS,37.788073,-122.252071,2/25/2023,160784,2023-02-25 23:04:50 UTC,,6/12/2020,J1772COMBO,,,,,
ELEC,EVSP WALGREENS STORE 10526,3250 Lakeshore Ave,,Oakland,CA,94610,,888-758-4389,E,,Public,24 hours daily,,1,,,ChargePoint Network,http://www.chargepoint.com/,GPS,37.809867,-122.244503,2/25/2023,160790,2023-02-25 23:04:50 UTC,,6/12/2020,J1772,,,,,
ELEC,55 HARRISON MARKET GARAGE,255 2nd St,,Oakland,CA,94607,,888-758-4389,E,,Public,24 hours daily,,2,,,ChargePoint Network,http://www.chargepoint.com/,GPS,37.794095,-122.271843,2/25/2023,161090,2023-02-25 23:02:38 UTC,,6/12/2020,J1772,,,,,
ELEC,Best Western Plus - Bayside Hotel,1717 Embarcadero,,Oakland,CA,94606,,510-356-2450,E,,Public,24 hours daily; for customer use only,,2,,,Non-Networked,,GPS,37.785814,-122.246167,1/10/2023,165130,2023-02-14 15:54:11 UTC,P,8/3/2020,J1772,,HOTEL,,,TRUE
ELEC,Jack London Square Market Garage #4 - Tesla Supercharger,255 2nd Street,,Oakland,CA,94607,,877-798-3752,E,,Public,24 hours daily; for Tesla use only,,,12,,Tesla,https://www.tesla.com/supercharger,GPS,37.794181,-122.272388,10/3/2022,169536,2022-12-01 17:40:26 UTC,P,11/23/2020,TESLA,,TRAVEL_CENTER,$0.28 per kWh; $0.26 per minute above 60 kW and $0.13 per minute at or below 60 kW,,
ELEC,OLD TOWN SQUARE STATION 95-96,562 9th St,,Oakland,CA,94607,,888-758-4389,E,,Public,24 hours daily,,2,,,ChargePoint Network,http://www.chargepoint.com/,GPS,37.802139,-122.276066,2/25/2023,170619,2023-02-25 23:27:17 UTC,,12/29/2020,J1772,,,,,
ELEC,OLD TOWN SQUARE STATION 97-98,560 9th St,,Oakland,CA,94607,,888-758-4389,E,,Public,24 hours daily,,2,,,ChargePoint Network,http://www.chargepoint.com/,GPS,37.802122,-122.275978,2/25/2023,170620,2023-02-25 23:27:17 UTC,,12/29/2020,J1772,,,,,
ELEC,OLD TOWN SQUARE STATION 89-90,901 Clay St,,Oakland,CA,94607,,888-758-4389,E,,Public,24 hours daily,,2,,,ChargePoint Network,http://www.chargepoint.com/,GPS,37.802251,-122.27597,2/25/2023,170621,2023-02-25 23:27:17 UTC,,12/29/2020,J1772,,,,,
ELEC,OLD TOWN SQUARE STATION 46-47,572 9th St,,Oakland,CA,94607,,888-758-4389,E,,Public,24 hours daily,,2,,,ChargePoint Network,http://www.chargepoint.com/,GPS,37.802314,-122.276228,2/25/2023,170623,2023-02-25 23:27:15 UTC,,12/29/2020,J1772,,,,,
ELEC,OLD TOWN SQUARE STATION 42-43,592 9th St,,Oakland,CA,94607,,888-758-4389,E,,Public,24 hours daily,,2,,,ChargePoint Network,http://www.chargepoint.com/,GPS,37.802337,-122.276432,2/25/2023,170624,2023-02-25 23:27:15 UTC,,12/29/2020,J1772,,,,,
ELEC,OLD TOWN SQUARE STATION 44-45,582 9th St,,Oakland,CA,94607,,888-758-4389,E,,Public,24 hours daily,,2,,,ChargePoint Network,http://www.chargepoint.com/,GPS,37.802248,-122.276295,2/25/2023,170625,2023-02-25 23:27:15 UTC,,12/29/2020,J1772,,,,,
ELEC,OLD TOWN SQUARE STATION 93-94,568 9th St,,Oakland,CA,94607,,888-758-4389,E,,Public,24 hours daily,,2,,,ChargePoint Network,http://www.chargepoint.com/,GPS,37.802195,-122.276108,2/25/2023,170970,2023-02-25 23:27:17 UTC,,1/7/2021,J1772,,,,,
ELEC,OAKSP SPRINGHILL 2,201 Hegenberger Rd,,Oakland,CA,94621,,888-758-4389,E,,Public,24 hours daily,,1,,,ChargePoint Network,http://www.chargepoint.com/,GPS,37.732048,-122.200379,2/25/2023,175859,2023-02-25 23:21:02 UTC,,1/27/2021,J1772,,,,,
ELEC,ALCO STATIONS 2ND FLR 4K 04,165 13th St,,Oakland,CA,94612,,888-758-4389,E,,Public,24 hours daily,,1,,,ChargePoint Network,http://www.chargepoint.com/,GPS,37.80048,-122.265159,2/25/2023,177013,2023-02-25 23:12:15 UTC,,1/27/2021,J1772,,,,,
ELEC,ALCO STATIONS 8TH FLOOR 4K 01,165 13th st,,Oakland,CA,94612,,888-758-4389,E,,Public,24 hours daily,,1,,,ChargePoint Network,http://www.chargepoint.com/,GPS,37.800635,-122.265114,2/25/2023,177014,2023-02-25 23:12:15 UTC,,1/27/2021,J1772,,,,,
ELEC,ALCO STATIONS 8TH FLOOR 4K 05,165 13th st,,Oakland,CA,94612,,888-758-4389,E,,Public,24 hours daily,,1,,,ChargePoint Network,http://www.chargepoint.com/,GPS,37.800567,-122.265304,2/25/2023,177015,2023-02-25 23:12:15 UTC,,1/27/2021,J1772,,,,,
ELEC,ALCO STATIONS 2ND FLR 4K 02,165 13th St,,Oakland,CA,94612,,888-758-4389,E,,Public,24 hours daily,,1,,,ChargePoint Network,http://www.chargepoint.com/,GPS,37.800513,-122.265073,2/25/2023,177016,2023-02-25 23:12:14 UTC,,1/27/2021,J1772,,,,,
ELEC,ALCO STATIONS 2ND FLR 4K 01,165 13th St,,Oakland,CA,94612,,888-758-4389,E,,Public,24 hours daily,,1,,,ChargePoint Network,http://www.chargepoint.com/,GPS,37.800536,-122.265044,2/25/2023,177017,2023-02-25 23:12:14 UTC,,1/27/2021,J1772,,,,,
ELEC,ALCO STATIONS 2ND FLR 4K 03,165 13th St,,Oakland,CA,94612,,888-758-4389,E,,Public,24 hours daily,,1,,,ChargePoint Network,http://www.chargepoint.com/,GPS,37.800486,-122.26512,2/25/2023,177018,2023-02-25 23:12:08 UTC,,1/27/2021,J1772,,,,,
ELEC,ALCO STATIONS 2ND FLR 4K 05,165 13th St,,Oakland,CA,94612,,888-758-4389,E,,Public,24 hours daily,,2,,,ChargePoint Network,http://www.chargepoint.com/,GPS,37.800472,-122.26521,2/25/2023,177019,2023-02-25 23:11:42 UTC,,1/27/2021,J1772,,,,,
ELEC,ALCO STATIONS 2ND FLR 4000 01,165 13th St,,Oakland,CA,94612,,888-758-4389,E,,Public,24 hours daily,,2,,,ChargePoint Network,http://www.chargepoint.com/,GPS,37.800776,-122.264983,2/25/2023,177020,2023-02-25 23:09:08 UTC,,1/27/2021,J1772,,,,,
ELEC,ALCO STATIONS 2ND FLR 4000 02,165 13th St,,Oakland,CA,94612,,888-758-4389,E,,Public,24 hours daily,,2,,,ChargePoint Network,http://www.chargepoint.com/,GPS,37.800742,-122.264976,2/25/2023,177021,2023-02-25 23:09:02 UTC,,1/27/2021,J1772,,,,,
ELEC,ALCO STATIONS 2ND FLR 4000 03,165 13th St,,Oakland,CA,94612,,888-758-4389,E,,Public,24 hours daily,,2,,,ChargePoint Network,http://www.chargepoint.com/,GPS,37.800584,-122.265044,2/25/2023,177022,2023-02-25 23:09:02 UTC,,1/27/2021,J1772,,,,,
ELEC,ALCO STATIONS ALCOBASE4000-2,165 13th St,,Oakland,CA,94612,,888-758-4389,E,,Public,24 hours daily,,2,,,ChargePoint Network,http://www.chargepoint.com/,GPS,37.800719,-122.26509,2/25/2023,177024,2023-02-25 23:05:46 UTC,,1/27/2021,J1772,,,,,
ELEC,ALCO STATIONS ALCOBASE4000-4,165 13th St,,Oakland,CA,94612,,888-758-4389,E,,Public,24 hours daily,,2,,,ChargePoint Network,http://www.chargepoint.com/,GPS,37.800705,-122.265099,2/25/2023,177025,2023-02-25 23:05:35 UTC,,1/27/2021,J1772,,,,,
ELEC,ALCO STATIONS ALCOBASE4000-6,165 13th St,,Oakland,CA,94612,,888-758-4389,E,,Public,24 hours daily,,2,,,ChargePoint Network,http://www.chargepoint.com/,GPS,37.800691,-122.265052,2/25/2023,177026,2023-02-25 23:05:35 UTC,,1/27/2021,J1772,,,,,
ELEC,ALCO STATIONS ALCOBASE4000-5,165 13th St,,Oakland,CA,94612,,888-758-4389,E,,Public,24 hours daily,,2,,,ChargePoint Network,http://www.chargepoint.com/,GPS,37.800692,-122.265074,2/25/2023,177027,2023-02-25 23:05:35 UTC,,1/27/2021,J1772,,,,,
ELEC,ALCO STATIONS ALCOBASE4000-7,165 13th St,,Oakland,CA,94612,,888-758-4389,E,,Public,24 hours daily,,2,,,ChargePoint Network,http://www.chargepoint.com/,GPS,37.80069,-122.265027,2/25/2023,177028,2023-02-25 23:05:35 UTC,,1/27/2021,J1772,,,,,
ELEC,ALCO STATIONS ALCOBASE4000-3,165 13th St,,Oakland,CA,94612,,888-758-4389,E,,Public,24 hours daily,,2,,,ChargePoint Network,http://www.chargepoint.com/,GPS,37.800708,-122.26513,2/25/2023,177029,2023-02-25 23:05:35 UTC,,1/27/2021,J1772,,,,,
ELEC,ALCO STATIONS ALCOBASE4000-8,165 13th St,,Oakland,CA,94612,,888-758-4389,E,,Public,24 hours daily,,2,,,ChargePoint Network,http://www.chargepoint.com/,GPS,37.800698,-122.265005,2/25/2023,177030,2023-02-25 23:05:35 UTC,,1/27/2021,J1772,,,,,
ELEC,ALCO STATIONS ALCOBASE4000-1,165 13th St,,Oakland,CA,94612,,888-758-4389,E,,Public,24 hours daily,,2,,,ChargePoint Network,http://www.chargepoint.com/,GPS,37.800791,-122.265105,2/25/2023,177031,2023-02-25 23:05:34 UTC,,1/27/2021,J1772,,,,,
ELEC,ALCO STATIONS ALCOBASE 4K 01,165 13th St,,Oakland,CA,94612,,888-758-4389,E,,Public,24 hours daily,,2,,,ChargePoint Network,http://www.chargepoint.com/,GPS,37.800748,-122.265097,2/25/2023,177032,2023-02-25 23:11:41 UTC,,1/27/2021,J1772,,,,,
ELEC,ALCO STATIONS ALCOBASE 4K 02,165 13th St,,Oakland,CA,94612,,888-758-4389,E,,Public,24 hours daily,,2,,,ChargePoint Network,http://www.chargepoint.com/,GPS,37.800733,-122.265047,2/25/2023,177033,2023-02-25 23:11:42 UTC,,1/27/2021,J1772,,,,,
ELEC,ALCO STATIONS ALCOBASE 4K2 02,165 13th St,,Oakland,CA,94612,,888-758-4389,E,,Public,24 hours daily,,2,,,ChargePoint Network,http://www.chargepoint.com/,GPS,37.800803,-122.265017,2/25/2023,177034,2023-02-25 23:11:42 UTC,,1/27/2021,J1772,,,,,
ELEC,CITY OF OAKLAND PAB OPD3,501 6th St,,Oakland,CA,94607,,888-758-4389,E,,Public,24 hours daily,,2,,,ChargePoint Network,http://www.chargepoint.com/,GPS,37.799311,-122.275863,2/25/2023,177148,2023-02-25 23:14:13 UTC,,1/27/2021,J1772,,,,,
ELEC,CITY OF OAKLAND PAB OPD4,501 6th St,,Oakland,CA,94607,,888-758-4389,E,,Public,24 hours daily,,2,,,ChargePoint Network,http://www.chargepoint.com/,GPS,37.799319,-122.275884,2/25/2023,177149,2023-02-25 23:14:13 UTC,,1/27/2021,J1772,,,,,
ELEC,CITY OF OAKLAND PAB OPDGW,501 6th St,,Oakland,CA,94607,,888-758-4389,E,,Public,24 hours daily,,2,,,ChargePoint Network,http://www.chargepoint.com/,GPS,37.799328,-122.275852,2/25/2023,177150,2023-02-25 23:14:13 UTC,,1/27/2021,J1772,,,,,
ELEC,EVSP WALGREENS STORE 15330 2,5833 Foothill Blvd,,Oakland,CA,94605,,888-758-4389,E,,Public,24 hours daily,,1,,,ChargePoint Network,http://www.chargepoint.com/,GPS,37.771418,-122.191359,2/25/2023,177499,2023-02-25 23:13:04 UTC,,1/27/2021,J1772,,,,,
ELEC,EVSP WALGREENS STORE 15330 3,5833 Foothill Blvd,,Oakland,CA,94605,,888-758-4389,E,,Public,24 hours daily,,1,,,ChargePoint Network,http://www.chargepoint.com/,GPS,37.771466,-122.191358,2/25/2023,177500,2023-02-25 23:13:04 UTC,,1/27/2021,J1772,,,,,
ELEC,EVSP WALGREENS STORE 15330 1,5833 Foothill Blvd,,Oakland,CA,94605,,888-758-4389,E,,Public,24 hours daily,,1,,,ChargePoint Network,http://www.chargepoint.com/,GPS,37.771513,-122.191376,2/25/2023,177501,2023-02-25 23:13:03 UTC,,1/27/2021,J1772,,,,,
ELEC,ALCO STATIONS 8TH FLOOR 4K 02,1220 Jackson St,,Oakland,CA,94612,,888-758-4389,E,,Public,24 hours daily,,1,,,ChargePoint Network,http://www.chargepoint.com/,GPS,37.800631,-122.265143,2/25/2023,177795,2023-02-25 23:12:14 UTC,,1/27/2021,J1772,,,,,
ELEC,ALAMEDA 7TH 4K 005,551-599 7th St,,Oakland,CA,94607,,888-758-4389,E,,Public,24 hours daily,,2,,,ChargePoint Network,http://www.chargepoint.com/,GPS,37.80024,-122.277788,2/25/2023,177860,2023-02-25 23:11:42 UTC,,1/27/2021,J1772,,,,,
ELEC,ALAMEDA 7TH 4K 004,551-599 7th St,,Oakland,CA,94607,,888-758-4389,E,,Public,24 hours daily,,2,,,ChargePoint Network,http://www.chargepoint.com/,GPS,37.800232,-122.277739,2/25/2023,177861,2023-02-25 23:11:42 UTC,,1/27/2021,J1772,,,,,
ELEC,ALAMEDA 7TH 4K 008,551-599 7th St,,Oakland,CA,94607,,888-758-4389,E,,Public,24 hours daily,,2,,,ChargePoint Network,http://www.chargepoint.com/,GPS,37.800285,-122.277927,2/25/2023,177862,2023-02-25 23:10:59 UTC,,1/27/2021,J1772,,,,,
ELEC,ALAMEDA 7TH 4K 009,551-599 7th St,,Oakland,CA,94607,,888-758-4389,E,,Public,24 hours daily,,2,,,ChargePoint Network,http://www.chargepoint.com/,GPS,37.800321,-122.277959,2/25/2023,177863,2023-02-25 23:10:51 UTC,,1/27/2021,J1772,,,,,
ELEC,ALAMEDA 7TH 4K 006,551-599 7th St,,Oakland,CA,94607,,888-758-4389,E,,Public,24 hours daily,,2,,,ChargePoint Network,http://www.chargepoint.com/,GPS,37.800251,-122.277841,2/25/2023,177864,2023-02-25 23:10:51 UTC,,1/27/2021,J1772,,,,,
ELEC,ALAMEDA 7TH 4K 002,585 7th St,,Oakland,CA,94607,,888-758-4389,E,,Public,24 hours daily,,2,,,ChargePoint Network,http://www.chargepoint.com/,GPS,37.800309,-122.277648,2/25/2023,177893,2023-02-25 23:10:59 UTC,,1/27/2021,J1772,,,,,
ELEC,ALAMEDA 7TH 4K 001,585 7th St,,Oakland,CA,94607,,888-758-4389,E,,Public,24 hours daily,,2,,,ChargePoint Network,http://www.chargepoint.com/,GPS,37.800313,-122.277713,2/25/2023,177894,2023-02-25 23:10:51 UTC,,1/27/2021,J1772,,,,,
ELEC,OLD TOWN SQUARE STATION 91-92,562 9th St,,Oakland,CA,94607,,888-758-4389,E,,Public,24 hours daily,,2,,,ChargePoint Network,http://www.chargepoint.com/,GPS,37.802264,-122.275988,2/25/2023,182121,2023-02-25 23:27:17 UTC,,1/27/2021,J1772,,,,,
ELEC,OLD TOWN SQUARE STATION 69-70,901 Clay St,,Oakland,CA,94607,,888-758-4389,E,,Public,24 hours daily,,2,,,ChargePoint Network,http://www.chargepoint.com/,GPS,37.802378,-122.27586,2/25/2023,182122,2023-02-25 23:27:17 UTC,,1/27/2021,J1772,,,,,
ELEC,OLD TOWN SQUARE STATION 65-66,901 Clay St,,Oakland,CA,94607,,888-758-4389,E,,Public,24 hours daily,,2,,,ChargePoint Network,http://www.chargepoint.com/,GPS,37.802297,-122.275784,2/25/2023,182123,2023-02-25 23:27:15 UTC,,1/27/2021,J1772,,,,,
ELEC,OLD TOWN SQUARE STATION 63-64,901 Clay St,,Oakland,CA,94607,,888-758-4389,E,,Public,24 hours daily,,2,,,ChargePoint Network,http://www.chargepoint.com/,GPS,37.802259,-122.27578,2/25/2023,182124,2023-02-25 23:27:15 UTC,,1/27/2021,J1772,,,,,
ELEC,OLD TOWN SQUARE STATION 67-68,901 Clay St,,Oakland,CA,94607,,888-758-4389,E,,Public,24 hours daily,,2,,,ChargePoint Network,http://www.chargepoint.com/,GPS,37.802177,-122.275848,2/25/2023,182125,2023-02-25 23:27:15 UTC,,1/27/2021,J1772,,,,,
ELEC,OLD TOWN SQUARE STATION 61-62,901 Clay St,,Oakland,CA,94607,,888-758-4389,E,,Public,24 hours daily,,2,,,ChargePoint Network,http://www.chargepoint.com/,GPS,37.802314,-122.275736,2/25/2023,182126,2023-02-25 23:27:15 UTC,,1/27/2021,J1772,,,,,
ELEC,OLD TOWN SQUARE STATION 56,901 Clay St,,Oakland,CA,94607,,888-758-4389,E,,Public,24 hours daily,,1,,,ChargePoint Network,http://www.chargepoint.com/,GPS,37.802438,-122.275719,2/25/2023,182128,2023-02-25 23:27:15 UTC,,1/27/2021,J1772,,,,,
ELEC,OLD TOWN SQUARE STATION 03,901 Clay St,,Oakland,CA,94607,,888-758-4389,E,,Public,24 hours daily,,1,,,ChargePoint Network,http://www.chargepoint.com/,GPS,37.802674,-122.276378,2/25/2023,182129,2023-02-25 23:27:11 UTC,,1/27/2021,J1772,,,,,
ELEC,OLD TOWN SQUARE STATION 01-02,901 Clay St,,Oakland,CA,94607,,888-758-4389,E,,Public,24 hours daily,,2,,,ChargePoint Network,http://www.chargepoint.com/,GPS,37.802628,-122.276404,2/25/2023,182130,2023-02-25 23:27:11 UTC,,1/27/2021,J1772,,,,,
ELEC,OLD TOWN SQUARE STATION 57-58,901 Clay St,,Oakland,CA,94607,,888-758-4389,E,,Public,24 hours daily,,2,,,ChargePoint Network,http://www.chargepoint.com/,GPS,37.802357,-122.275741,2/25/2023,182131,2023-02-25 23:27:15 UTC,,1/27/2021,J1772,,,,,
ELEC,OLD TOWN SQUARE STATION 48-49,572 9th St,,Oakland,CA,94607,,888-758-4389,E,,Public,24 hours daily,,2,,,ChargePoint Network,http://www.chargepoint.com/,GPS,37.802237,-122.276164,2/25/2023,182132,2023-02-25 23:27:15 UTC,,1/27/2021,J1772,,,,,
ELEC,OLD TOWN SQUARE STATION 40-41,592 9th St,,Oakland,CA,94607,,888-758-4389,E,,Public,24 hours daily,,2,,,ChargePoint Network,http://www.chargepoint.com/,GPS,37.802331,-122.276489,2/25/2023,182133,2023-02-25 23:27:15 UTC,,1/27/2021,J1772,,,,,
ELEC,DOUGLAS PARKING STATION 2,1717 Webster St,,Oakland,CA,94612,,888-758-4389,E,,Public,24 hours daily,,2,,,ChargePoint Network,http://www.chargepoint.com/,GPS,37.806087,-122.267307,2/25/2023,186808,2023-02-25 23:25:54 UTC,,4/2/2021,J1772,,,,,
ELEC,DOUGLAS PARKING STATION 3,1717 Webster St,,Oakland,CA,94612,,888-758-4389,E,,Public,24 hours daily,,2,,,ChargePoint Network,http://www.chargepoint.com/,GPS,37.806121,-122.267317,2/25/2023,186809,2023-02-25 23:25:55 UTC,,4/2/2021,J1772,,,,,
ELEC,DOUGLAS PARKING STATION 4,1717 Webster St,,Oakland,CA,94612,,888-758-4389,E,,Public,24 hours daily,,2,,,ChargePoint Network,http://www.chargepoint.com/,GPS,37.806095,-122.26735,2/25/2023,186810,2023-02-25 23:25:55 UTC,,4/2/2021,J1772,,,,,
ELEC,DOUGLAS PARKING STATION 5,1717 Webster St,,Oakland,CA,94612,,888-758-4389,E,,Public,24 hours daily,,2,,,ChargePoint Network,http://www.chargepoint.com/,GPS,37.806087,-122.267285,2/25/2023,186811,2023-02-25 23:25:55 UTC,,4/2/2021,J1772,,,,,
ELEC,DOUGLAS PARKING STATION 1,1717 Webster St,,Oakland,CA,94612,,888-758-4389,E,,Public,24 hours daily,,2,,,ChargePoint Network,http://www.chargepoint.com/,GPS,37.806089,-122.267293,2/25/2023,186814,2023-02-25 23:27:37 UTC,,4/2/2021,J1772,,,,,
ELEC,PACIFIC CANNERY STATION 07-08,1195 Pine St,,Oakland,CA,94607,,888-758-4389,E,,Public,24 hours daily,,2,,,ChargePoint Network,http://www.chargepoint.com/,GPS,37.812468,-122.30058,2/25/2023,186819,2023-02-25 23:28:32 UTC,,4/2/2021,J1772,,,,,
ELEC,PACIFIC CANNERY STATION 60-61,1201 Pine St,,Oakland,CA,94607,,888-758-4389,E,,Public,24 hours daily,,2,,,ChargePoint Network,http://www.chargepoint.com/,GPS,37.812677,-122.300609,2/25/2023,186820,2023-02-25 23:28:32 UTC,,4/2/2021,J1772,,,,,
ELEC,PACIFIC CANNERY STATION 70-71,1201 Pine St,,Oakland,CA,94607,,888-758-4389,E,,Public,24 hours daily,,2,,,ChargePoint Network,http://www.chargepoint.com/,GPS,37.812547,-122.30041,2/25/2023,186821,2023-02-25 23:28:33 UTC,,4/2/2021,J1772,,,,,
ELEC,PACIFIC CANNERY STATION 106-107,1201 Pine St,,Oakland,CA,94607,,888-758-4389,E,,Public,24 hours daily,,2,,,ChargePoint Network,http://www.chargepoint.com/,GPS,37.812707,-122.300866,2/25/2023,186822,2023-02-25 23:28:33 UTC,,4/2/2021,J1772,,,,,
ELEC,PACIFIC CANNERY STATION 84-85,1199 Pine St,,Oakland,CA,94607,,888-758-4389,E,,Public,24 hours daily,,2,,,ChargePoint Network,http://www.chargepoint.com/,GPS,37.812662,-122.30054,2/25/2023,186823,2023-02-25 23:28:33 UTC,,4/2/2021,J1772,,,,,
ELEC,PACIFIC CANNERY STATION 104-105,1201 Pine St,,Oakland,CA,94607,,888-758-4389,E,,Public,24 hours daily,,2,,,ChargePoint Network,http://www.chargepoint.com/,GPS,37.812677,-122.300827,2/25/2023,186824,2023-02-25 23:28:33 UTC,,4/2/2021,J1772,,,,,
ELEC,PACIFIC CANNERY STATION 80-81,1201 Pine St,,Oakland,CA,94607,,888-758-4389,E,,Public,24 hours daily,,2,,,ChargePoint Network,http://www.chargepoint.com/,GPS,37.812681,-122.30064,2/25/2023,186825,2023-02-25 23:28:33 UTC,,4/2/2021,J1772,,,,,
ELEC,PACIFIC CANNERY STATION 56,1201 Pine St,,Oakland,CA,94607,,888-758-4389,E,,Public,24 hours daily,,1,,,ChargePoint Network,http://www.chargepoint.com/,GPS,37.812674,-122.30073,2/25/2023,186826,2023-02-25 23:28:33 UTC,,4/2/2021,J1772,,,,,
ELEC,PACIFIC CANNERY STATION 74-75,1201 Pine St,,Oakland,CA,94607,,888-758-4389,E,,Public,24 hours daily,,2,,,ChargePoint Network,http://www.chargepoint.com/,GPS,37.812697,-122.300701,2/25/2023,186827,2023-02-25 23:28:33 UTC,,4/2/2021,J1772,,,,,
ELEC,PACIFIC CANNERY STATION 76-77,1201 Pine St,,Oakland,CA,94607,,888-758-4389,E,,Public,24 hours daily,,2,,,ChargePoint Network,http://www.chargepoint.com/,GPS,37.812427,-122.300318,2/25/2023,186828,2023-02-25 23:28:33 UTC,,4/2/2021,J1772,,,,,
ELEC,PACIFIC CANNERY STATION 86-87,1201 Pine St,,Oakland,CA,94607,,888-758-4389,E,,Public,24 hours daily,,2,,,ChargePoint Network,http://www.chargepoint.com/,GPS,37.812639,-122.300681,2/25/2023,186953,2023-02-25 23:28:33 UTC,,4/3/2021,J1772,,,,,
ELEC,PACIFIC CANNERY STATION 78-79,1201 Pine St,,Oakland,CA,94607,,888-758-4389,E,,Public,24 hours daily,,2,,,ChargePoint Network,http://www.chargepoint.com/,GPS,37.812487,-122.300345,2/25/2023,186954,2023-02-25 23:28:33 UTC,,4/3/2021,J1772,,,,,
ELEC,PACIFIC CANNERY STATION 82-83,1201 Pine St,,Oakland,CA,94607,,888-758-4389,E,,Public,24 hours daily,,2,,,ChargePoint Network,http://www.chargepoint.com/,GPS,37.812674,-122.300756,2/25/2023,186955,2023-02-25 23:28:33 UTC,,4/3/2021,J1772,,,,,
ELEC,PACIFIC CANNERY STATION 90-91,1201 Pine St,,Oakland,CA,94607,,888-758-4389,E,,Public,24 hours daily,,2,,,ChargePoint Network,http://www.chargepoint.com/,GPS,37.812748,-122.300783,2/25/2023,186956,2023-02-25 23:28:33 UTC,,4/3/2021,J1772,,,,,
ELEC,PACIFIC CANNERY STATION 88-89,1201 Pine St,,Oakland,CA,94607,,888-758-4389,E,,Public,24 hours daily,,2,,,ChargePoint Network,http://www.chargepoint.com/,GPS,37.812705,-122.300646,2/25/2023,186957,2023-02-25 23:28:34 UTC,,4/3/2021,J1772,,,,,
ELEC,PACIFIC CANNERY STATION 98-99,1201 Pine St,,Oakland,CA,94607,,888-758-4389,E,,Public,24 hours daily,,2,,,ChargePoint Network,http://www.chargepoint.com/,GPS,37.812675,-122.300669,2/25/2023,186958,2023-02-25 23:28:34 UTC,,4/3/2021,J1772,,,,,
ELEC,PACIFIC CANNERY STATION 94-95,1201 Pine St,,Oakland,CA,94607,,888-758-4389,E,,Public,24 hours daily,,2,,,ChargePoint Network,http://www.chargepoint.com/,GPS,37.812662,-122.300715,2/25/2023,186959,2023-02-25 23:28:34 UTC,,4/3/2021,J1772,,,,,
ELEC,PACIFIC CANNERY STATION 96-97,1201 Pine St,,Oakland,CA,94607,,888-758-4389,E,,Public,24 hours daily,,2,,,ChargePoint Network,http://www.chargepoint.com/,GPS,37.812702,-122.300755,2/25/2023,186960,2023-02-25 23:28:34 UTC,,4/3/2021,J1772,,,,,
ELEC,PACIFIC CANNERY STATION 102-103,1201 Pine St,,Oakland,CA,94607,,888-758-4389,E,,Public,24 hours daily,,2,,,ChargePoint Network,http://www.chargepoint.com/,GPS,37.812679,-122.300576,2/25/2023,186961,2023-02-25 23:28:34 UTC,,4/3/2021,J1772,,,,,
ELEC,PACIFIC CANNERY STATION 92-93,1201 Pine St,,Oakland,CA,94607,,888-758-4389,E,,Public,24 hours daily,,2,,,ChargePoint Network,http://www.chargepoint.com/,GPS,37.812741,-122.300852,2/25/2023,186962,2023-02-25 23:28:34 UTC,,4/3/2021,J1772,,,,,
ELEC,PACIFIC CANNERY STATION 110-111,1201 Pine St,,Oakland,CA,94607,,888-758-4389,E,,Public,24 hours daily,,2,,,ChargePoint Network,http://www.chargepoint.com/,GPS,37.812513,-122.300346,2/25/2023,186963,2023-02-25 23:28:34 UTC,,4/3/2021,J1772,,,,,
ELEC,PACIFIC CANNERY STATION 135-136,1201 Pine St,,Oakland,CA,94607,,888-758-4389,E,,Public,24 hours daily,,2,,,ChargePoint Network,http://www.chargepoint.com/,GPS,37.812693,-122.300622,2/25/2023,186964,2023-02-25 23:28:34 UTC,,4/3/2021,J1772,,,,,
ELEC,PACIFIC CANNERY STATION 108-109,1201 Pine St,,Oakland,CA,94607,,888-758-4389,E,,Public,24 hours daily,,2,,,ChargePoint Network,http://www.chargepoint.com/,GPS,37.812679,-122.300852,2/25/2023,186965,2023-02-25 23:28:34 UTC,,4/3/2021,J1772,,,,,
ELEC,PACIFIC CANNERY STATION 137-139,1201 Pine St,,Oakland,CA,94607,,888-758-4389,E,,Public,24 hours daily,,2,,,ChargePoint Network,http://www.chargepoint.com/,GPS,37.812678,-122.300697,2/25/2023,186967,2023-02-25 23:28:34 UTC,,4/3/2021,J1772,,,,,
ELEC,PACIFIC CANNERY STATION 129-130,1201 Pine St,,Oakland,CA,94607,,888-758-4389,E,,Public,24 hours daily,,2,,,ChargePoint Network,http://www.chargepoint.com/,GPS,37.812557,-122.30043,2/25/2023,186968,2023-02-25 23:28:34 UTC,,4/3/2021,J1772,,,,,
ELEC,PACIFIC CANNERY STATION 123-124,1201 Pine St,,Oakland,CA,94607,,888-758-4389,E,,Public,24 hours daily,,2,,,ChargePoint Network,http://www.chargepoint.com/,GPS,37.812562,-122.300416,2/25/2023,186969,2023-02-25 23:28:34 UTC,,4/3/2021,J1772,,,,,
ELEC,PACIFIC CANNERY STATION 141-142,1201 Pine St,,Oakland,CA,94607,,888-758-4389,E,,Public,24 hours daily,,2,,,ChargePoint Network,http://www.chargepoint.com/,GPS,37.812695,-122.300658,2/25/2023,186970,2023-02-25 23:28:34 UTC,,4/3/2021,J1772,,,,,
ELEC,PACIFIC CANNERY STATION 127-128,1201 Pine St,,Oakland,CA,94607,,888-758-4389,E,,Public,24 hours daily,,2,,,ChargePoint Network,http://www.chargepoint.com/,GPS,37.812677,-122.300838,2/25/2023,186971,2023-02-25 23:28:34 UTC,,4/3/2021,J1772,,,,,
ELEC,PACIFIC CANNERY STATION 113-114,1201 Pine St,,Oakland,CA,94607,,888-758-4389,E,,Public,24 hours daily,,2,,,ChargePoint Network,http://www.chargepoint.com/,GPS,37.812689,-122.300598,2/25/2023,186972,2023-02-25 23:28:34 UTC,,4/3/2021,J1772,,,,,
ELEC,PACIFIC CANNERY STATION 125-126,1201 Pine St,,Oakland,CA,94607,,888-758-4389,E,,Public,24 hours daily,,2,,,ChargePoint Network,http://www.chargepoint.com/,GPS,37.812663,-122.30083,2/25/2023,186973,2023-02-25 23:28:35 UTC,,4/3/2021,J1772,,,,,
ELEC,PACIFIC CANNERY STATION 143-144,1201 Pine St,,Oakland,CA,94607,,888-758-4389,E,,Public,24 hours daily,,2,,,ChargePoint Network,http://www.chargepoint.com/,GPS,37.812663,-122.300764,2/25/2023,186974,2023-02-25 23:28:35 UTC,,4/3/2021,J1772,,,,,
ELEC,PACIFIC CANNERY STATION 119-120,1201 Pine St,,Oakland,CA,94607,,888-758-4389,E,,Public,24 hours daily,,2,,,ChargePoint Network,http://www.chargepoint.com/,GPS,37.812526,-122.300457,2/25/2023,186975,2023-02-25 23:28:35 UTC,,4/3/2021,J1772,,,,,
ELEC,PACIFIC CANNERY STATION 131-132,1201 Pine St,,Oakland,CA,94607,,888-758-4389,E,,Public,24 hours daily,,2,,,ChargePoint Network,http://www.chargepoint.com/,GPS,37.812726,-122.300722,2/25/2023,186976,2023-02-25 23:28:35 UTC,,4/3/2021,J1772,,,,,
ELEC,PACIFIC CANNERY STATION 157,1201 Pine St,,Oakland,CA,94607,,888-758-4389,E,,Public,24 hours daily,,1,,,ChargePoint Network,http://www.chargepoint.com/,GPS,37.81268,-122.300732,2/25/2023,186977,2023-02-25 23:28:35 UTC,,4/3/2021,J1772,,,,,
ELEC,PACIFIC CANNERY STATION 162-163,1201 Pine St,,Oakland,CA,94607,,888-758-4389,E,,Public,24 hours daily,,2,,,ChargePoint Network,http://www.chargepoint.com/,GPS,37.812726,-122.300663,2/25/2023,186978,2023-02-25 23:28:35 UTC,,4/3/2021,J1772,,,,,
ELEC,PACIFIC CANNERY STATION 155-156,1201 Pine St,,Oakland,CA,94607,,888-758-4389,E,,Public,24 hours daily,,2,,,ChargePoint Network,http://www.chargepoint.com/,GPS,37.812673,-122.30075,2/25/2023,186979,2023-02-25 23:28:35 UTC,,4/3/2021,J1772,,,,,
ELEC,PACIFIC CANNERY STATION 20-21,1201 Pine St,,Oakland,CA,94607,,888-758-4389,E,,Public,24 hours daily,,2,,,ChargePoint Network,http://www.chargepoint.com/,GPS,37.8125,-122.300547,2/25/2023,186980,2023-02-25 23:28:35 UTC,,4/3/2021,J1772,,,,,
ELEC,PACIFIC CANNERY STATION 26-27,1201 Pine St,,Oakland,CA,94607,,888-758-4389,E,,Public,24 hours daily,,2,,,ChargePoint Network,http://www.chargepoint.com/,GPS,37.812537,-122.300787,2/25/2023,186981,2023-02-25 23:28:35 UTC,,4/3/2021,J1772,,,,,
ELEC,PACIFIC CANNERY STATION 32-33,1201 Pine St,,Oakland,CA,94607,,888-758-4389,E,,Public,24 hours daily,,2,,,ChargePoint Network,http://www.chargepoint.com/,GPS,37.812868,-122.300552,2/25/2023,186982,2023-02-25 23:28:35 UTC,,4/3/2021,J1772,,,,,
ELEC,PACIFIC CANNERY STATION 03-04,1201 Pine St,,Oakland,CA,94607,,888-758-4389,E,,Public,24 hours daily,,2,,,ChargePoint Network,http://www.chargepoint.com/,GPS,37.81248,-122.30058,2/25/2023,186983,2023-02-25 23:28:36 UTC,,4/3/2021,J1772,,,,,
ELEC,PACIFIC CANNERY STATION 44-45,1201 Pine St,,Oakland,CA,94607,,888-758-4389,E,,Public,24 hours daily,,2,,,ChargePoint Network,http://www.chargepoint.com/,GPS,37.812692,-122.300713,2/25/2023,186984,2023-02-25 23:28:36 UTC,,4/3/2021,J1772,,,,,
ELEC,PACIFIC CANNERY STATION 30-31,1201 Pine St,,Oakland,CA,94607,,888-758-4389,E,,Public,24 hours daily,,2,,,ChargePoint Network,http://www.chargepoint.com/,GPS,37.812687,-122.300743,2/25/2023,186985,2023-02-25 23:28:36 UTC,,4/3/2021,J1772,,,,,
ELEC,PACIFIC CANNERY STATION 28-29,1201 Pine St,,Oakland,CA,94607,,888-758-4389,E,,Public,24 hours daily,,2,,,ChargePoint Network,http://www.chargepoint.com/,GPS,37.81271,-122.300712,2/25/2023,186986,2023-02-25 23:28:36 UTC,,4/3/2021,J1772,,,,,
ELEC,PACIFIC CANNERY STATION 54-55,1201 Pine St,,Oakland,CA,94607,,888-758-4389,E,,Public,24 hours daily,,2,,,ChargePoint Network,http://www.chargepoint.com/,GPS,37.812667,-122.300738,2/25/2023,186987,2023-02-25 23:28:36 UTC,,4/3/2021,J1772,,,,,
ELEC,PACIFIC CANNERY STATION 42-43,1201 Pine St,,Oakland,CA,94607,,888-758-4389,E,,Public,24 hours daily,,2,,,ChargePoint Network,http://www.chargepoint.com/,GPS,37.812662,-122.300755,2/25/2023,186988,2023-02-25 23:28:36 UTC,,4/3/2021,J1772,,,,,
ELEC,PACIFIC CANNERY STATION 50-51,1201 Pine St,,Oakland,CA,94607,,888-758-4389,E,,Public,24 hours daily,,2,,,ChargePoint Network,http://www.chargepoint.com/,GPS,37.812681,-122.300711,2/25/2023,186989,2023-02-25 23:28:36 UTC,,4/3/2021,J1772,,,,,
ELEC,PACIFIC CANNERY STATION 36-37,1201 Pine St,,Oakland,CA,94607,,888-758-4389,E,,Public,24 hours daily,,2,,,ChargePoint Network,http://www.chargepoint.com/,GPS,37.812678,-122.300641,2/25/2023,186990,2023-02-25 23:28:36 UTC,,4/3/2021,J1772,,,,,
ELEC,PACIFIC CANNERY STATION 40-41,1201 Pine St,,Oakland,CA,94607,,888-758-4389,E,,Public,24 hours daily,,2,,,ChargePoint Network,http://www.chargepoint.com/,GPS,37.812654,-122.300823,2/25/2023,186991,2023-02-25 23:28:37 UTC,,4/3/2021,J1772,,,,,
ELEC,PACIFIC CANNERY STATION 58-59,1201 Pine St,,Oakland,CA,94607,,888-758-4389,E,,Public,24 hours daily,,2,,,ChargePoint Network,http://www.chargepoint.com/,GPS,37.812534,-122.300452,2/25/2023,186992,2023-02-25 23:28:37 UTC,,4/3/2021,J1772,,,,,
ELEC,PACIFIC CANNERY STATION 57,1201 Pine St,,Oakland,CA,94607,,888-758-4389,E,,Public,24 hours daily,,1,,,ChargePoint Network,http://www.chargepoint.com/,GPS,37.812639,-122.300714,2/25/2023,186993,2023-02-25 23:28:37 UTC,,4/3/2021,J1772,,,,,
ELEC,PACIFIC CANNERY STATION 38-39,1201 Pine St,,Oakland,CA,94607,,888-758-4389,E,,Public,24 hours daily,,2,,,ChargePoint Network,http://www.chargepoint.com/,GPS,37.812695,-122.300662,2/25/2023,186994,2023-02-25 23:28:37 UTC,,4/3/2021,J1772,,,,,
ELEC,PACIFIC CANNERY STATION 68-69,1201 Pine St,,Oakland,CA,94607,,888-758-4389,E,,Public,24 hours daily,,2,,,ChargePoint Network,http://www.chargepoint.com/,GPS,37.812471,-122.300257,2/25/2023,186995,2023-02-25 23:28:37 UTC,,4/3/2021,J1772,,,,,
ELEC,PACIFIC CANNERY STATION 52-53,1201 Pine St,,Oakland,CA,94607,,888-758-4389,E,,Public,24 hours daily,,2,,,ChargePoint Network,http://www.chargepoint.com/,GPS,37.81264,-122.300785,2/25/2023,186996,2023-02-25 23:28:37 UTC,,4/3/2021,J1772,,,,,
ELEC,PACIFIC CANNERY STATION 48-49,1201 Pine St,,Oakland,CA,94607,,888-758-4389,E,,Public,24 hours daily,,2,,,ChargePoint Network,http://www.chargepoint.com/,GPS,37.812675,-122.300689,2/25/2023,186997,2023-02-25 23:28:37 UTC,,4/3/2021,J1772,,,,,
ELEC,PACIFIC CANNERY STATION 118,1201 Pine St,,Oakland,CA,94607,,888-758-4389,E,,Public,24 hours daily,,1,,,ChargePoint Network,http://www.chargepoint.com/,GPS,37.812559,-122.300422,2/25/2023,186998,2023-02-25 23:28:37 UTC,,4/3/2021,J1772,,,,,
ELEC,PACIFIC CANNERY STATION 100-101,1201 Pine St,,Oakland,CA,94607,,888-758-4389,E,,Public,24 hours daily,,2,,,ChargePoint Network,http://www.chargepoint.com/,GPS,37.812746,-122.300632,2/25/2023,186999,2023-02-25 23:28:37 UTC,,4/3/2021,J1772,,,,,
ELEC,PACIFIC CANNERY STATION 116-117,1201 Pine St,,Oakland,CA,94607,,888-758-4389,E,,Public,24 hours daily,,2,,,ChargePoint Network,http://www.chargepoint.com/,GPS,37.812534,-122.300409,2/25/2023,187000,2023-02-25 23:28:37 UTC,,4/3/2021,J1772,,,,,
ELEC,PACIFIC CANNERY STATION 121-122,1201 Pine St,,Oakland,CA,94607,,888-758-4389,E,,Public,24 hours daily,,2,,,ChargePoint Network,http://www.chargepoint.com/,GPS,37.812724,-122.300837,2/25/2023,187001,2023-02-25 23:28:37 UTC,,4/3/2021,J1772,,,,,
ELEC,PACIFIC CANNERY STATION 133-134,1201 Pine St,,Oakland,CA,94607,,888-758-4389,E,,Public,24 hours daily,,2,,,ChargePoint Network,http://www.chargepoint.com/,GPS,37.812665,-122.30079,2/25/2023,187002,2023-02-25 23:28:37 UTC,,4/3/2021,J1772,,,,,
ELEC,PACIFIC CANNERY STATION 158-159,1201 Pine St,,Oakland,CA,94607,,888-758-4389,E,,Public,24 hours daily,,2,,,ChargePoint Network,http://www.chargepoint.com/,GPS,37.812691,-122.300614,2/25/2023,187003,2023-02-25 23:28:38 UTC,,4/3/2021,J1772,,,,,
ELEC,PACIFIC CANNERY STATION 153-154,1201 Pine St,,Oakland,CA,94607,,888-758-4389,E,,Public,24 hours daily,,2,,,ChargePoint Network,http://www.chargepoint.com/,GPS,37.812695,-122.30075,2/25/2023,187004,2023-02-25 23:28:38 UTC,,4/3/2021,J1772,,,,,
ELEC,PACIFIC CANNERY STATION 145-146,1201 Pine St,,Oakland,CA,94607,,888-758-4389,E,,Public,24 hours daily,,2,,,ChargePoint Network,http://www.chargepoint.com/,GPS,37.81276,-122.300855,2/25/2023,187005,2023-02-25 23:28:38 UTC,,4/3/2021,J1772,,,,,
ELEC,PACIFIC CANNERY STATION 160-161,1201 Pine St,,Oakland,CA,94607,,888-758-4389,E,,Public,24 hours daily,,2,,,ChargePoint Network,http://www.chargepoint.com/,GPS,37.81274,-122.30068,2/25/2023,187006,2023-02-25 23:28:38 UTC,,4/3/2021,J1772,,,,,
ELEC,PACIFIC CANNERY STATION 149-150,1201 Pine St,,Oakland,CA,94607,,888-758-4389,E,,Public,24 hours daily,,2,,,ChargePoint Network,http://www.chargepoint.com/,GPS,37.81268,-122.300725,2/25/2023,187007,2023-02-25 23:28:38 UTC,,4/3/2021,J1772,,,,,
ELEC,PACIFIC CANNERY STATION 34-35,1201 Pine St,,Oakland,CA,94607,,888-758-4389,E,,Public,24 hours daily,,2,,,ChargePoint Network,http://www.chargepoint.com/,GPS,37.812689,-122.300662,2/25/2023,187224,2023-02-25 23:28:36 UTC,,4/9/2021,J1772,,,,,
ELEC,PACIFIC CANNERY STATION 01-02,1201 Pine St,,Oakland,CA,94607,,888-758-4389,E,,Public,24 hours daily,,2,,,ChargePoint Network,http://www.chargepoint.com/,GPS,37.812468,-122.300621,2/25/2023,187323,2023-02-25 23:28:32 UTC,,4/10/2021,J1772,,,,,
ELEC,PACIFIC CANNERY STATION 09-10,1201 Pine St,,Oakland,CA,94607,,888-758-4389,E,,Public,24 hours daily,,2,,,ChargePoint Network,http://www.chargepoint.com/,GPS,37.812478,-122.300626,2/25/2023,187324,2023-02-25 23:28:32 UTC,,4/10/2021,J1772,,,,,
ELEC,PACIFIC CANNERY STATION 11-12,1201 Pine St,,Oakland,CA,94607,,888-758-4389,E,,Public,24 hours daily,,2,,,ChargePoint Network,http://www.chargepoint.com/,GPS,37.81248,-122.300588,2/25/2023,187325,2023-02-25 23:28:32 UTC,,4/10/2021,J1772,,,,,
ELEC,PACIFIC CANNERY STATION 13-14,1201 Pine St,,Oakland,CA,94607,,888-758-4389,E,,Public,24 hours daily,,2,,,ChargePoint Network,http://www.chargepoint.com/,GPS,37.812491,-122.300613,2/25/2023,187326,2023-02-25 23:28:32 UTC,,4/10/2021,J1772,,,,,
ELEC,PACIFIC CANNERY STATION 16-17,1201 Pine St,,Oakland,CA,94607,,888-758-4389,E,,Public,24 hours daily,,2,,,ChargePoint Network,http://www.chargepoint.com/,GPS,37.812509,-122.300595,2/25/2023,187327,2023-02-25 23:28:32 UTC,,4/10/2021,J1772,,,,,
ELEC,PACIFIC CANNERY STATION 22-23,1201 Pine St,,Oakland,CA,94607,,888-758-4389,E,,Public,24 hours daily,,2,,,ChargePoint Network,http://www.chargepoint.com/,GPS,37.812539,-122.300373,2/25/2023,187328,2023-02-25 23:28:32 UTC,,4/10/2021,J1772,,,,,
ELEC,PACIFIC CANNERY STATION 18-19,1201 Pine St,,Oakland,CA,94607,,888-758-4389,E,,Public,24 hours daily,,2,,,ChargePoint Network,http://www.chargepoint.com/,GPS,37.812447,-122.300554,2/25/2023,187329,2023-02-25 23:28:32 UTC,,4/10/2021,J1772,,,,,
ELEC,PACIFIC CANNERY STATION 24-25,1201 Pine St,,Oakland,CA,94607,,888-758-4389,E,,Public,24 hours daily,,2,,,ChargePoint Network,http://www.chargepoint.com/,GPS,37.8125,-122.300441,2/25/2023,187330,2023-02-25 23:28:32 UTC,,4/10/2021,J1772,,,,,
ELEC,PACIFIC CANNERY STATION 46-47,1201 Pine St,,Oakland,CA,94607,,888-758-4389,E,,Public,24 hours daily,,2,,,ChargePoint Network,http://www.chargepoint.com/,GPS,37.812695,-122.300671,2/25/2023,187331,2023-02-25 23:28:32 UTC,,4/10/2021,J1772,,,,,
ELEC,PACIFIC CANNERY STATION 62-63,1201 Pine St,,Oakland,CA,94607,,888-758-4389,E,,Public,24 hours daily,,2,,,ChargePoint Network,http://www.chargepoint.com/,GPS,37.81242,-122.30031,2/25/2023,187332,2023-02-25 23:28:32 UTC,,4/10/2021,J1772,,,,,
ELEC,PACIFIC CANNERY STATION 72-73,1201 Pine St,,Oakland,CA,94607,,888-758-4389,E,,Public,24 hours daily,,2,,,ChargePoint Network,http://www.chargepoint.com/,GPS,37.812523,-122.300394,2/25/2023,187333,2023-02-25 23:28:32 UTC,,4/10/2021,J1772,,,,,
ELEC,PACIFIC CANNERY STATION 64-65,1201 Pine St,,Oakland,CA,94607,,888-758-4389,E,,Public,24 hours daily,,2,,,ChargePoint Network,http://www.chargepoint.com/,GPS,37.812719,-122.300606,2/25/2023,187334,2023-02-25 23:28:32 UTC,,4/10/2021,J1772,,,,,
ELEC,PACIFIC CANNERY STATION 66-67,1201 Pine St,,Oakland,CA,94607,,888-758-4389,E,,Public,24 hours daily,,2,,,ChargePoint Network,http://www.chargepoint.com/,GPS,37.812524,-122.300349,2/25/2023,187335,2023-02-25 23:28:33 UTC,,4/10/2021,J1772,,,,,
ELEC,PACIFIC CANNERY STATION 05-06,1195 Pine St,,Oakland,CA,94607,,888-758-4389,E,,Public,24 hours daily,,2,,,ChargePoint Network,http://www.chargepoint.com/,GPS,37.812422,-122.300512,2/25/2023,187733,2023-02-25 23:28:32 UTC,,4/17/2021,J1772,,,,,
ELEC,PACIFIC CANNERY STATION 112,1201 Pine St,,Oakland,CA,94607,,888-758-4389,E,,Public,24 hours daily,,1,,,ChargePoint Network,http://www.chargepoint.com/,GPS,37.812449,-122.300463,2/25/2023,187760,2023-02-25 23:28:15 UTC,,4/18/2021,J1772,,,,,
ELEC,PACIFIC CANNERY STATION 147-148,1201 Pine St,,Oakland,CA,94607,,888-758-4389,E,,Public,24 hours daily,,2,,,ChargePoint Network,http://www.chargepoint.com/,GPS,37.812731,-122.300769,2/25/2023,189992,2023-02-25 23:28:38 UTC,,5/22/2021,J1772,,,,,
ELEC,PACIFIC CANNERY STATION 15,1201 Pine St,,Oakland,CA,94607,,888-758-4389,E,,Public,24 hours daily,,1,,,ChargePoint Network,http://www.chargepoint.com/,GPS,37.812741,-122.300269,2/25/2023,192634,2023-02-25 23:30:36 UTC,,7/8/2021,J1772,,,,,
ELEC,PACIFIC CANNERY STATION 115,1201 pine st,,Oakland,CA,94607,,888-758-4389,E,,Public,24 hours daily,,1,,,ChargePoint Network,http://www.chargepoint.com/,GPS,37.812535,-122.300898,2/25/2023,193432,2023-02-25 23:28:37 UTC,,8/3/2021,J1772,,,,,
ELEC,PACIFIC CANNERY STATION 139-140,1201 Pine St,,Oakland,CA,94607,,888-758-4389,E,,Public,24 hours daily,,2,,,ChargePoint Network,http://www.chargepoint.com/,GPS,37.812656,-122.300748,2/25/2023,193463,2023-02-25 23:28:34 UTC,,8/4/2021,J1772,,,,,
ELEC,PACIFIC CANNERY STATION 151-152,1201 Pine St,,Oakland,CA,94607,,888-758-4389,E,,Public,24 hours daily,,2,,,ChargePoint Network,http://www.chargepoint.com/,GPS,37.8125,-122.300409,2/25/2023,193464,2023-02-25 23:28:49 UTC,,8/4/2021,J1772,,,,,
ELEC,Kaiser Oakland 3751 Broadway,3751 Broadway,,Oakland,CA,94611,,800-663-5633,E,,Public,,,8,,,SemaCharge Network,https://semaconnect.com/,GPS,37.825961,-122.257787,12/21/2022,195221,2022-12-21 23:00:37 UTC,,3/16/2016,J1772,,,$1.35/Hr Parking Fee,,
ELEC,Kaiser Oakland Admin - 410 19th St.,410 19th Street,,Oakland,CA,94612,,800-663-5633,E,,Public,,,4,,,SemaCharge Network,https://semaconnect.com/,GPS,37.807435,-122.268049,12/21/2022,195470,2022-12-21 23:00:34 UTC,,5/4/2015,J1772,,,$1.35/Hr Parking Fee,,
ELEC,Kaiser Oakland Admin - 1800 Harrison,1800 Harrison Street,,Oakland,CA,94612,,800-663-5633,E,,Public,,,4,,,SemaCharge Network,https://semaconnect.com/,GPS,37.805765,-122.2652,12/21/2022,195471,2022-12-21 23:00:41 UTC,,9/29/2015,J1772,,,$1.35/Hr Parking Fee,,
ELEC,1111 Broadway,1111 Broadway,,Oakland,CA,94607,,800-663-5633,E,,Public,,,9,,,SemaCharge Network,https://semaconnect.com/,GPS,37.802802,-122.272921,12/21/2022,197056,2022-12-21 22:59:21 UTC,,1/12/2012,J1772,,,$0.00-$2.00/Hr Variable Parking Fee,,
ELEC,ALTABATESSUMMIT LEVEL E 1,451 34th STREET MERRITT GARAGE,,Oakland,CA,94609,,888-758-4389,E,,Public,24 hours daily,,2,,,ChargePoint Network,http://www.chargepoint.com/,GPS,37.821515,-122.264137,2/25/2023,197167,2023-02-25 23:08:41 UTC,,10/7/2021,J1772,,,,,
ELEC,ALTABATESSUMMIT LEVEL G 1,451 34th STREET MERRITT GARAGE,,Oakland,CA,94609,,888-758-4389,E,,Public,24 hours daily,,2,,,ChargePoint Network,http://www.chargepoint.com/,GPS,37.82146,-122.264133,2/25/2023,197168,2023-02-25 23:08:41 UTC,,10/7/2021,J1772,,,,,
ELEC,ALTABATESSUMMIT LEVEL C,451 34th STREET MERRITT GARAGE,,Oakland,CA,94609,,888-758-4389,E,,Public,24 hours daily,,2,,,ChargePoint Network,http://www.chargepoint.com/,GPS,37.821428,-122.264027,2/25/2023,197169,2023-02-25 23:09:38 UTC,,10/7/2021,J1772,,,,,
ELEC,DENIZENAPTS DENIZEN1,2323 Valley St,,Oakland,CA,94612,,888-758-4389,E,,Public,24 hours daily,,1,,,ChargePoint Network,http://www.chargepoint.com/,GPS,37.812782,-122.26795,2/25/2023,197961,2023-02-25 23:32:32 UTC,,10/21/2021,J1772,,,,,
ELEC,DENIZENAPTS DENIZEN2,2323 Valley St,,Oakland,CA,94612,,888-758-4389,E,,Public,24 hours daily,,1,,,ChargePoint Network,http://www.chargepoint.com/,GPS,37.812626,-122.26786,2/25/2023,199169,2023-02-25 23:32:32 UTC,,10/27/2021,J1772,,,,,
ELEC,YMCA- Ace Parking Garage,2353 Webster St,,Oakland,CA,94612,,888-998-2546,E,,Public,MON: 24 hours | TUE: 24 hours | WED: 24 hours | THU: 24 hours | FRI: 24 hours | SAT: 24 hours | SUN: 24 hours,,1,,,Blink Network,http://www.blinkcharging.com/,GPS,37.81267929,-122.2650681,2/25/2023,211761,2023-02-25 22:59:58 UTC,,3/15/2022,J1772,,,Free,,
ELEC,ALTABATESSUMMIT PCP GAR 1F-S,435 Hawthorne Ave PCP Garage,,Oakland,CA,94609,,888-758-4389,E,,Public,24 hours daily,,2,,,ChargePoint Network,http://www.chargepoint.com/,GPS,37.820594,-122.265025,2/25/2023,218181,2023-02-25 23:32:23 UTC,,5/15/2022,J1772,,,,,
ELEC,ALTABATESSUMMIT PCP GAR 2F-S,435 Hawthorne Ave PCP Garage,,Oakland,CA,94609,,888-758-4389,E,,Public,24 hours daily,,2,,,ChargePoint Network,http://www.chargepoint.com/,GPS,37.820611,-122.26509,2/25/2023,218182,2023-02-25 23:32:25 UTC,,5/15/2022,J1772,,,,,
ELEC,ALTABATESSUMMIT PCP GAR 2F-N,435 Hawthorne Ave PCP Garage,,Oakland,CA,94609,,888-758-4389,E,,Public,24 hours daily,,2,,,ChargePoint Network,http://www.chargepoint.com/,GPS,37.820585,-122.264982,2/25/2023,218183,2023-02-25 23:32:25 UTC,,5/15/2022,J1772,,,,,
ELEC,ALTABATESSUMMIT PCP GAR 3F-N,435 Hawthorne Ave PCP Garage,,Oakland,CA,94609,,888-758-4389,E,,Public,24 hours daily,,2,,,ChargePoint Network,http://www.chargepoint.com/,GPS,37.820575,-122.265228,2/25/2023,218184,2023-02-25 23:32:25 UTC,,5/15/2022,J1772,,,,,
ELEC,ALTABATESSUMMIT PCP GAR 4F-S,435 Hawthorne Ave PCP Garage,,Oakland,CA,94609,,888-758-4389,E,,Public,24 hours daily,,1,,,ChargePoint Network,http://www.chargepoint.com/,GPS,37.820583,-122.265336,2/25/2023,218185,2023-02-25 23:32:25 UTC,,5/15/2022,J1772,,,,,
ELEC,ALTABATESSUMMIT PCP GAR 1F-N,435 Hawthorne Ave PCP Garage,,Oakland,CA,94609,,888-758-4389,E,,Public,24 hours daily,,2,,,ChargePoint Network,http://www.chargepoint.com/,GPS,37.820594,-122.264982,2/25/2023,218442,2023-02-25 23:20:28 UTC,,5/19/2022,J1772,,,,,
ELEC,ALTABATESSUMMIT PCP GAR B1-S,435 Hawthorne Ave PCP Garage,,Oakland,CA,94609,,888-758-4389,E,,Public,24 hours daily,,2,,,ChargePoint Network,http://www.chargepoint.com/,GPS,37.820585,-122.264939,2/25/2023,218481,2023-02-25 23:32:22 UTC,,5/19/2022,J1772,,,,,
ELEC,ALTABATESSUMMIT PCP B1-N,435 Hawthorne Ave PCP GARAGE,,Oakland,CA,94609,,888-758-4389,E,,Public,24 hours daily,,2,,,ChargePoint Network,http://www.chargepoint.com/,GPS,37.820488,-122.265218,2/25/2023,221484,2023-02-25 23:32:23 UTC,,6/18/2022,J1772,,,,,
ELEC,COLISEUM PLACE STATION 4,7120 Hawley Street,,Oakland,CA,94621,,888-758-4389,E,,Public,24 hours daily,,2,,,ChargePoint Network,http://www.chargepoint.com/,GPS,37.755642,-122.195144,2/25/2023,224854,2023-02-25 23:33:40 UTC,,8/5/2022,J1772,,,,,
ELEC,Lake Park Lot Grand Lake,519 Lake Park Ave,,Oakland,CA,94610,,877-455-3833,E,,Public,24 hours daily,,,6,,eVgo Network,https://www.evgo.com/,GPS,37.810188,-122.247188,2/25/2023,228176,2023-02-25 22:55:57 UTC,,5/14/2022,CHADEMO J1772COMBO,,,,,
ELEC,Oakland - Lafayette Square,610 E 10th St,,Oakland,CA,94606,,877-455-3833,E,,Public,24 hours daily,,,4,,eVgo Network,https://www.evgo.com/,GPS,37.803258,-122.276778,2/25/2023,228208,2023-02-25 22:56:00 UTC,,8/14/2019,CHADEMO J1772COMBO,,,,,
ELEC,Whole Foods Market,230 Bay Pl,,Oakland,CA,94612,,877-455-3833,E,,Public,Mon 7:00am - 10:00pm; Tue 7:00am - 10:00pm; Wed 7:00am - 10:00pm; Thu 7:00am - 10:00pm; Fri 7:00am - 10:00pm; Sat 7:00am - 10:00pm; Sun 7:00am - 10:00pm,,,4,,eVgo Network,https://www.evgo.com/,GPS,37.81333,-122.26058,2/25/2023,228356,2023-02-25 22:56:13 UTC,,3/7/2018,CHADEMO J1772COMBO,,,,,
ELEC,Whole Foods Temescal (TCL),5110 Telegraph Ave,,Oakland,CA,94609,,877-455-3833,E,,Public,24 hours daily,,,4,,eVgo Network,https://www.evgo.com/,GPS,37.83743,-122.2619,2/25/2023,228688,2023-02-25 22:56:47 UTC,,2/8/2022,CHADEMO J1772COMBO,,,,,
ELEC,Jack London Square,409 Washington St.,,Oakland,CA,94607,,877-455-3833,E,,Public,24 hours daily,,,10,,eVgo Network,https://www.evgo.com/,GPS,37.79826,-122.27676,2/25/2023,228693,2023-02-25 22:56:48 UTC,,6/17/2022,CHADEMO J1772COMBO,,,,,
ELEC,ALTABATESSUMMIT PCP GAR B3 S,435 Hawthorne Ave PCP GARAGE,,Oakland,CA,94609,,888-758-4389,E,,Public,24 hours daily,,1,,,ChargePoint Network,http://www.chargepoint.com/,GPS,37.820605,-122.265271,2/25/2023,228927,2023-02-25 23:32:22 UTC,,9/23/2022,J1772,,,,,
ELEC,ALTABATESSUMMIT PCP GAR B3-N,435 Hawthorne Ave PCP Garage,,Oakland,CA,94609,,888-758-4389,E,,Public,24 hours daily,,1,,,ChargePoint Network,http://www.chargepoint.com/,GPS,37.8205,-122.26542,2/25/2023,228928,2023-02-25 23:32:22 UTC,,9/23/2022,J1772,,,,,
ELEC,ALTABATESSUMMIT PCP GAR B2 S,435 Hawthorne Ave PCP GARAGE,,Oakland,CA,94609,,888-758-4389,E,,Public,24 hours daily,,2,,,ChargePoint Network,http://www.chargepoint.com/,GPS,37.820441,-122.265323,2/25/2023,228929,2023-02-25 23:32:22 UTC,,9/23/2022,J1772,,,,,
ELEC,ALTABATESSUMMIT PCP GAR B2 N,435 Hawthorne Ave PCP Garage,,Oakland,CA,94609,,888-758-4389,E,,Public,24 hours daily,,2,,,ChargePoint Network,http://www.chargepoint.com/,GPS,37.820386,-122.265444,2/25/2023,228930,2023-02-25 23:32:22 UTC,,9/23/2022,J1772,,,,,
ELEC,Broadstone Axis,2820 Broadway,,Oakland,CA,94611,,833-692-6787,E,,Public - Credit card at all times,Contact station for hours of availability.,,1,,,AMPUP,https://ampup.io/,200-9,37.816651,-122.262942,10/11/2022,229555,2023-02-14 15:54:11 UTC,P,9/15/2022,J1772,CREDIT_CARD_ALWAYS,MULTI_UNIT_DWELLING,,,FALSE
ELEC,DGS Lot 6,1515 Clay St,,Oakland,CA,94612,,866-816-7584,E,,Public,,,8,,,EV Connect,http://evconnect.com/,GPS,37.806447,-122.273154,2/26/2023,230880,2023-02-26 00:31:52 UTC,,9/30/2022,J1772,,,,,
ELEC,Kaiser - Oakland Dependency Clinic,380 West MacArthur Boulevard,,Oakland,CA,94609,,800-663-5633,E,,Public,,,4,,,SemaCharge Network,https://semaconnect.com/,GPS,37.825357,-122.260913,12/21/2022,237897,2022-12-21 22:58:56 UTC,,6/24/2022,J1772,,,,,
ELEC,Lake Merritt Plaza,1999 Harrison Street,,Oakland,CA,94612,,888-998-2546,E,,Public,MON: 24 hours | TUE: 24 hours | WED: 24 hours | THU: 24 hours | FRI: 24 hours | SAT: 24 hours | SUN: 24 hours,,2,,,Blink Network,http://www.blinkcharging.com/,GPS,37.807782,-122.265119,2/25/2023,241226,2023-02-25 23:00:57 UTC,,1/6/2023,J1772,,,Free,,
ELEC,Hanlees Hilltop Nissan,3277 Auto Plaza,,Richmond,CA,94806,,510-222-4900,E,,Public - Call ahead,Dealership business hours,,1,1,,Non-Networked,,200-9,37.985253,-122.32124,3/7/2022,39925,2023-02-14 15:54:11 UTC,P,3/15/2011,CHADEMO J1772 J1772COMBO,CALL,CAR_DEALER,Free,,FALSE
ELEC,Hilltop Ford Kia,3280 Auto Plaza Dr,,Richmond,CA,94806,,,E,,Public,Service center use only,,2,,,Non-Networked,,200-9,37.984778,-122.320369,1/10/2023,63656,2023-02-14 15:54:11 UTC,P,8/1/2014,J1772,,CAR_DEALER,,,FALSE
ELEC,San Francisco Estuary Institute,4911 Central Ave,,Richmond,CA,94804,,510-746-7334,E,,Public,9am-6pm M-F for employee use only; available for public use after hours and weekends,,3,,,Non-Networked,,GPS,37.899428,-122.318169,1/10/2023,99429,2023-02-14 15:54:11 UTC,P,5/1/2018,J1772,,OFFICE_BLDG,$0.25 per kWh,,TRUE
ELEC,Harbor Gate Shopping Center - Tesla Supercharger,2157 Meeker Avenue,,Richmond,CA,94804,,877-798-3752,E,,Public,24 hours daily; for Tesla use only,,,12,,Tesla,https://www.tesla.com/supercharger,200-9,37.91989,-122.348601,10/3/2022,149348,2022-12-01 17:40:26 UTC,P,9/30/2019,TESLA,,,$0.28 per kWh; $0.26 per minute above 60 kW and $0.13 per minute at or below 60 kW,,
ELEC,RICHMOND MARINA,1207 Melville Square,,Richmond,CA,94804,,888-758-4389,E,,Public,24 hours daily,,1,,,ChargePoint Network,http://www.chargepoint.com/,GPS,37.915406,-122.347533,2/25/2023,154772,2023-02-25 23:22:55 UTC,,3/27/2020,J1772,,,,,
ELEC,Pacific East Mall - Tesla Supercharger,3288 Pierce St,,Richmond,CA,94804,,877-798-3752,E,,Public,24 hours daily; for Tesla use only,,,16,,Tesla,https://www.tesla.com/supercharger,GPS,37.898447,-122.308938,10/3/2022,158652,2022-12-01 17:40:26 UTC,P,6/11/2020,TESLA,,SHOPPING_MALL,$0.28 per kWh; $0.26 per minute above 60 kW and $0.13 per minute at or below 60 kW,,
ELEC,RICHMOND FAMILY JUSTICE,256 24th St,,Richmond,CA,94804,,888-758-4389,E,,Public,24 hours daily,,1,,,ChargePoint Network,http://www.chargepoint.com/,GPS,37.934811,-122.346079,2/25/2023,160173,2023-02-25 23:08:46 UTC,,6/12/2020,J1772,,,,,
ELEC,RICHMOND CVC1 NEVIN AV,325 Civic Center Plaza,,Richmond,CA,94804,,888-758-4389,E,,Public,24 hours daily,,2,,,ChargePoint Network,http://www.chargepoint.com/,GPS,37.936362,-122.344027,2/25/2023,160955,2023-02-25 23:03:13 UTC,,6/12/2020,J1772,,,,,
ELEC,City of Richmond Downtown,1401 Macdonald Ave,,Richmond,CA,94801,,888-264-2208,E,,Public,Mon 6:00am - 11:59pm; Tue 6:00am - 11:59pm; Wed 6:00am - 11:59pm; Thu 6:00am - 11:59pm; Fri 6:00am - 11:59pm; Sat 6:00am - 11:59pm; Sun 6:00am - 11:59pm,,2,,,Volta,https://voltacharging.com/,GPS,37.935777,-122.3552335,2/26/2023,166752,2023-02-26 00:33:39 UTC,,8/31/2020,J1772,,,,,FALSE
ELEC,HILLTOP STATION 2,3170 Hilltop Mall Rd,,Richmond,CA,94806,,888-758-4389,E,,Public,24 hours daily,,2,,,ChargePoint Network,http://www.chargepoint.com/,GPS,37.981018,-122.32392,2/25/2023,166999,2023-02-25 23:25:46 UTC,,9/23/2020,J1772,,,,,
ELEC,"2157 Meeker Ave - Richmond, CA - Tesla Destination",2157 Meeker Ave,,Richmond,CA,94804,,510-232-6997  877-798-3752,E,,Public,24 hours daily; for customer use only; see front desk for access,,2,,,Non-Networked,,200-9,37.920216,-122.348133,11/3/2020,168543,2021-06-07 17:08:43 UTC,P,11/3/2020,J1772,,,Free,,
ELEC,Port of Richmond,1322 Canal Blvd,,Richmond,CA,94804,,888-998-2546,E,,Public,MON: 24 hours | TUE: 24 hours | WED: 24 hours | THU: 24 hours | FRI: 24 hours | SAT: 24 hours | SUN: 24 hours,,2,,,Blink Network,http://www.blinkcharging.com/,GPS,37.905467,-122.364074,2/25/2023,169990,2023-02-25 22:58:49 UTC,,12/8/2020,J1772,,,Free,,
ELEC,RICHMOND ART CENTER 3,2540 Barrett Ave,,Richmond,CA,94804,,888-758-4389,E,,Public,24 hours daily,,2,,,ChargePoint Network,http://www.chargepoint.com/,GPS,37.93754,-122.344613,2/25/2023,177389,2023-02-25 23:13:30 UTC,,1/27/2021,J1772,,,,,
ELEC,RICHMOND ART CENTER 1,2540 Barrett Ave,,Richmond,CA,94804,,888-758-4389,E,,Public,24 hours daily,,2,,,ChargePoint Network,http://www.chargepoint.com/,GPS,37.937616,-122.344656,2/25/2023,177390,2023-02-25 23:13:30 UTC,,1/27/2021,J1772,,,,,
ELEC,HILLTOP STATION 1,3170 Hilltop Mall Rd,,Richmond,CA,94806,,888-758-4389,E,,Public,24 hours daily,,2,,,ChargePoint Network,http://www.chargepoint.com/,GPS,37.981018,-122.323875,2/25/2023,181350,2023-02-25 23:25:46 UTC,,1/27/2021,J1772,,,,,
ELEC,FORD POINT FAST CHARGER #1,1414 Harbor Way South,,Richmond,CA,94804,,888-758-4389,E,,Public,Mon 8:00am - 4:00pm; Tue 8:00am - 4:00pm; Wed 8:00am - 4:00pm; Thu 8:00am - 4:00pm; Fri 8:00am - 4:00pm; Sat 8:00am - 4:00pm; Sun 8:00am - 4:00pm,,,1,,ChargePoint Network,http://www.chargepoint.com/,GPS,37.911934,-122.357639,2/25/2023,182483,2023-02-25 23:08:29 UTC,,1/27/2021,CHADEMO J1772COMBO,,,,,
ELEC,FORD POINT STATION 2,1414 Harbour Way South,,Richmond,CA,94804,,888-758-4389,E,,Public,Mon 8:00am - 4:00pm; Tue 8:00am - 4:00pm; Wed 8:00am - 4:00pm; Thu 8:00am - 4:00pm; Fri 8:00am - 4:00pm; Sat 8:00am - 4:00pm; Sun 8:00am - 4:00pm,,2,,,ChargePoint Network,http://www.chargepoint.com/,GPS,37.911931,-122.357515,2/25/2023,182513,2023-02-25 23:09:19 UTC,,1/27/2021,J1772,,,,,
ELEC,FORD POINT STATION 3,1414 Harbour Way S,,Richmond,CA,94804,,888-758-4389,E,,Public,Mon 8:00am - 4:00pm; Tue 8:00am - 4:00pm; Wed 8:00am - 4:00pm; Thu 8:00am - 4:00pm; Fri 8:00am - 4:00pm; Sat 8:00am - 4:00pm; Sun 8:00am - 4:00pm,,2,,,ChargePoint Network,http://www.chargepoint.com/,GPS,37.911931,-122.35754,2/25/2023,182515,2023-02-25 23:09:19 UTC,,1/27/2021,J1772,,,,,
ELEC,FORD POINT STATION 5,1414 Harbour Way S,,Richmond,CA,94804,,888-758-4389,E,,Public,Mon 8:00am - 4:00pm; Tue 8:00am - 4:00pm; Wed 8:00am - 4:00pm; Thu 8:00am - 4:00pm; Fri 8:00am - 4:00pm; Sat 8:00am - 4:00pm; Sun 8:00am - 4:00pm,,2,,,ChargePoint Network,http://www.chargepoint.com/,GPS,37.911931,-122.357592,2/25/2023,182516,2023-02-25 23:09:19 UTC,,1/27/2021,J1772,,,,,
ELEC,FORD POINT STATION 8,1414 Harbour Way S,,Richmond,CA,94804,,888-758-4389,E,,Public,Mon 6:30am - 6:00pm; Tue 6:30am - 6:00pm; Wed 6:30am - 6:00pm; Thu 6:30am - 6:00pm; Fri 6:30am - 6:00pm; Sat 6:30am - 6:00pm; Sun 6:30am - 6:00pm,,2,,,ChargePoint Network,http://www.chargepoint.com/,GPS,37.911932,-122.357664,2/25/2023,182518,2023-02-25 23:09:20 UTC,,1/27/2021,J1772,,,,,
ELEC,FORD POINT STATION 6,1414 Harbour Way S,,Richmond,CA,94804,,888-758-4389,E,,Public,Mon 8:00am - 4:00pm; Tue 8:00am - 4:00pm; Wed 8:00am - 4:00pm; Thu 8:00am - 4:00pm; Fri 8:00am - 4:00pm; Sat 8:00am - 4:00pm; Sun 8:00am - 4:00pm,,2,,,ChargePoint Network,http://www.chargepoint.com/,GPS,37.911934,-122.357618,2/25/2023,182519,2023-02-25 23:09:20 UTC,,1/27/2021,J1772,,,,,
ELEC,FORD POINT STATION 7,1414 Harbour Way S,,Richmond,CA,94804,,888-758-4389,E,,Public,Mon 6:30am - 6:00pm; Tue 6:30am - 6:00pm; Wed 6:30am - 6:00pm; Thu 6:30am - 6:00pm; Fri 6:30am - 6:00pm; Sat 6:30am - 6:00pm; Sun 6:30am - 6:00pm,,2,,,ChargePoint Network,http://www.chargepoint.com/,GPS,37.911932,-122.357642,2/25/2023,182522,2023-02-25 23:09:23 UTC,,1/27/2021,J1772,,,,,
ELEC,FORD POINT STATION 1,1414 Harbour way South,,Richmond,CA,94804,,888-758-4389,E,,Public,Mon 8:00am - 4:00pm; Tue 8:00am - 4:00pm; Wed 8:00am - 4:00pm; Thu 8:00am - 4:00pm; Fri 8:00am - 4:00pm; Sat 8:00am - 4:00pm; Sun 8:00am - 4:00pm,,2,,,ChargePoint Network,http://www.chargepoint.com/,GPS,37.91193,-122.357445,2/25/2023,182523,2023-02-25 23:09:23 UTC,,1/27/2021,J1772,,,,,
ELEC,Richmond Bayview Library,5100 Hartnett Ave,,Richmond,CA,94804,,888-998-2546,E,,Public,MON: 24 hours | TUE: 24 hours | WED: 24 hours | THU: 24 hours | FRI: 24 hours | SAT: 24 hours | SUN: 24 hours,,2,,,Blink Network,http://www.blinkcharging.com/,GPS,37.915277,-122.3233809,2/25/2023,188035,2023-02-25 22:59:04 UTC,,4/27/2021,J1772,,,Free,,
ELEC,"Site Centers Hilltop Plaza (Richmond, CA)",3401 Blume Dr,,Richmond,CA,94806,,833-632-2778,E,,Public,24 hours daily,,,4,,Electrify America,https://www.electrifyamerica.com/,GPS,37.98352,-122.31927,2/25/2023,191559,2023-02-25 23:46:59 UTC,,6/28/2021,CHADEMO J1772COMBO,,,,,
ELEC,Kaiser Richmond,901 Nevin Avenue,,Richmond,CA,94801,,800-663-5633,E,,Public,,,8,,,SemaCharge Network,https://semaconnect.com/,GPS,37.93712,-122.360502,12/21/2022,195038,2022-12-21 23:00:29 UTC,,10/5/2015,J1772,,,$1.35/Hr Parking Fee,,
ELEC,"Century 16 3200 Klose Way, Richmond CA","3200 Klose Way	Richmond",,Richmond,CA,94806,,888-264-2208,E,,Public,Mon 6:00am - 11:59pm; Tue 6:00am - 11:59pm; Wed 6:00am - 11:59pm; Thu 6:00am - 11:59pm; Fri 6:00am - 11:59pm; Sat 6:00am - 11:59pm; Sun 6:00am - 11:59pm,,2,,,Volta,https://voltacharging.com/,GPS,37.981716,-122.319073,2/26/2023,195702,2023-02-26 00:34:28 UTC,,9/3/2021,J1772,,,,,FALSE
ELEC,Ferry,1435 Harbour Way S,.||,Richmond,CA,94804,,888-998-2546,E,,Public,MON: 24 hours | TUE: 24 hours | WED: 24 hours | THU: 24 hours | FRI: 24 hours | SAT: 24 hours | SUN: 24 hours,,4,,,Blink Network,http://www.blinkcharging.com/,GPS,37.911346,-122.35981,2/25/2023,195937,2023-02-25 22:59:29 UTC,,9/15/2021,J1772,,,Free,,
ELEC,"Target T1507 (Richmond, CA)",4500 Macdonald Ave,,Richmond,CA,94805,,833-632-2778,E,,Public,24 hours daily,,,4,,Electrify America,https://www.electrifyamerica.com/,GPS,37.93182,-122.32929,2/25/2023,207959,2023-02-25 23:47:05 UTC,,3/11/2022,CHADEMO J1772COMBO,,,,,
ELEC,Hilltop Fire,2904 Hilltop Mall Rd,,Richmond,CA,94806,,888-998-2546,E,,Public,MON: 24 hours | TUE: 24 hours | WED: 24 hours | THU: 24 hours | FRI: 24 hours | SAT: 24 hours | SUN: 24 hours,,2,,,Blink Network,http://www.blinkcharging.com/,GPS,37.97795,-122.33319,2/25/2023,225410,2023-02-25 23:00:42 UTC,,8/11/2022,J1772,,,Free,,
ELEC,City of Richmond - Civic Center - Array 1,325 Civic Center Plaza,,Richmond,CA,94804,,877-455-3833,E,,Public,24 hours daily,,,4,,eVgo Network,https://www.evgo.com/,GPS,37.935951,-122.343964,2/25/2023,228214,2023-02-25 22:56:00 UTC,,6/18/2019,CHADEMO J1772COMBO,,,,,
ELEC,Mechanics Bank,201 41st Street,,Richmond,CA,94805,,877-455-3833,E,,Public,24 hours daily,,,4,,eVgo Network,https://www.evgo.com/,GPS,37.933079,-122.330486,2/25/2023,228644,2023-02-25 22:56:40 UTC,,8/1/2019,CHADEMO J1772COMBO,,,,,
